-- Generated by Craft v2.4.2699 on 14 dec. 2015 09:25:12.

--
-- Disable foreign key checks and autocommit.
--

SET FOREIGN_KEY_CHECKS = 0;
SET SQL_MODE = "NO_AUTO_VALUE_ON_ZERO";
SET AUTOCOMMIT = 0;
SET NAMES utf8;


DROP TABLE IF EXISTS `craft_assetfiles`;


--
-- Schema for table `craft_assetfiles`
--
CREATE TABLE `craft_assetfiles` (
  `id` int(11) NOT NULL,
  `sourceId` int(11) DEFAULT NULL,
  `folderId` int(11) NOT NULL,
  `filename` varchar(255) COLLATE utf8_unicode_ci NOT NULL,
  `kind` varchar(50) COLLATE utf8_unicode_ci NOT NULL DEFAULT 'unknown',
  `width` smallint(6) unsigned DEFAULT NULL,
  `height` smallint(6) unsigned DEFAULT NULL,
  `size` int(11) unsigned DEFAULT NULL,
  `dateModified` datetime DEFAULT NULL,
  `dateCreated` datetime NOT NULL,
  `dateUpdated` datetime NOT NULL,
  `uid` char(36) COLLATE utf8_unicode_ci NOT NULL DEFAULT '0',
  PRIMARY KEY (`id`),
  UNIQUE KEY `craft_assetfiles_filename_folderId_unq_idx` (`filename`,`folderId`),
  KEY `craft_assetfiles_sourceId_fk` (`sourceId`),
  KEY `craft_assetfiles_folderId_fk` (`folderId`)
) ENGINE=InnoDB DEFAULT CHARSET=utf8 COLLATE=utf8_unicode_ci;

--
-- Data for table `craft_assetfiles`
--

INSERT INTO `craft_assetfiles` (`id`, `sourceId`, `folderId`, `filename`, `kind`, `width`, `height`, `size`, `dateModified`, `dateCreated`, `dateUpdated`, `uid`) VALUES ('6', '1', '1', 'Scenario-1.pdf', 'pdf', NULL, NULL, '283551', '2015-09-15 13:39:07', '2015-09-15 13:39:07', '2015-09-15 13:39:07', '622dccff-fb94-434b-8ffc-7162a847c29e');
INSERT INTO `craft_assetfiles` (`id`, `sourceId`, `folderId`, `filename`, `kind`, `width`, `height`, `size`, `dateModified`, `dateCreated`, `dateUpdated`, `uid`) VALUES ('7', '1', '1', 'Scenario-2.pdf', 'pdf', NULL, NULL, '254360', '2015-09-15 14:02:05', '2015-09-15 14:02:05', '2015-09-15 14:02:05', '1e1ac059-01e4-4182-96c7-74a4eb68d6e2');
INSERT INTO `craft_assetfiles` (`id`, `sourceId`, `folderId`, `filename`, `kind`, `width`, `height`, `size`, `dateModified`, `dateCreated`, `dateUpdated`, `uid`) VALUES ('9', '1', '1', 'Scenario-3.pdf', 'pdf', NULL, NULL, '251991', '2015-09-15 14:04:16', '2015-09-15 14:04:17', '2015-09-15 14:04:17', '2f6731a1-6082-4ec8-baeb-cdfeb0274b32');
INSERT INTO `craft_assetfiles` (`id`, `sourceId`, `folderId`, `filename`, `kind`, `width`, `height`, `size`, `dateModified`, `dateCreated`, `dateUpdated`, `uid`) VALUES ('11', '1', '1', 'Inquisimunda-Inquisition-Cells-Final.pdf', 'pdf', NULL, NULL, '549469', '2015-09-15 14:15:12', '2015-09-15 14:15:12', '2015-09-15 14:15:12', '6e1d739d-bfdc-4baa-99f8-e144b3f85e52');
INSERT INTO `craft_assetfiles` (`id`, `sourceId`, `folderId`, `filename`, `kind`, `width`, `height`, `size`, `dateModified`, `dateCreated`, `dateUpdated`, `uid`) VALUES ('13', '1', '1', 'Facebook-Banner.gif', 'image', '851', '315', '191885', '2015-09-15 14:29:15', '2015-09-15 14:29:15', '2015-09-15 14:29:15', 'e1de0f4f-12f8-4a81-a3bb-4a36cfbd8f29');
INSERT INTO `craft_assetfiles` (`id`, `sourceId`, `folderId`, `filename`, `kind`, `width`, `height`, `size`, `dateModified`, `dateCreated`, `dateUpdated`, `uid`) VALUES ('15', '1', '1', 'Inquisimunda_a5_booklet.pdf', 'pdf', NULL, NULL, '2142360', '2015-09-15 14:44:02', '2015-09-15 14:44:02', '2015-09-15 14:44:02', '8c7034ab-ea44-482c-b3e0-f9e411940fc0');
INSERT INTO `craft_assetfiles` (`id`, `sourceId`, `folderId`, `filename`, `kind`, `width`, `height`, `size`, `dateModified`, `dateCreated`, `dateUpdated`, `uid`) VALUES ('17', '1', '1', 'Nec-Community-Edition.pdf', 'pdf', NULL, NULL, '23083101', '2015-09-15 15:22:46', '2015-09-15 15:14:42', '2015-09-15 15:23:31', 'e2a54087-e566-4414-8da4-18aa9ea1f382');
INSERT INTO `craft_assetfiles` (`id`, `sourceId`, `folderId`, `filename`, `kind`, `width`, `height`, `size`, `dateModified`, `dateCreated`, `dateUpdated`, `uid`) VALUES ('20', '1', '1', 'BattlefleetGothicArmada-Hero.jpg', 'image', '1280', '400', '108460', '2015-09-15 15:51:03', '2015-09-15 15:51:04', '2015-09-15 15:51:04', '090437fd-4079-41a0-8495-402a011f52fc');
INSERT INTO `craft_assetfiles` (`id`, `sourceId`, `folderId`, `filename`, `kind`, `width`, `height`, `size`, `dateModified`, `dateCreated`, `dateUpdated`, `uid`) VALUES ('22', '1', '1', 'DemoScenario.pdf', 'pdf', NULL, NULL, '204071', '2015-09-15 15:58:00', '2015-09-15 15:58:00', '2015-09-15 15:58:00', 'ce831796-5fd3-4cfd-993f-41042830aaf4');
INSERT INTO `craft_assetfiles` (`id`, `sourceId`, `folderId`, `filename`, `kind`, `width`, `height`, `size`, `dateModified`, `dateCreated`, `dateUpdated`, `uid`) VALUES ('24', '1', '1', 'Inquisimunda-2.0-Version-2.2.pdf', 'pdf', NULL, NULL, '478565', '2015-09-16 12:11:28', '2015-09-16 12:11:28', '2015-09-16 12:11:28', 'be7fa66e-a7df-420a-b694-9cc72f2b53a8');
INSERT INTO `craft_assetfiles` (`id`, `sourceId`, `folderId`, `filename`, `kind`, `width`, `height`, `size`, `dateModified`, `dateCreated`, `dateUpdated`, `uid`) VALUES ('26', '1', '1', 'Inquisimunda-v2.0-AdMech-Warband-1.0.pdf', 'pdf', NULL, NULL, '950946', '2015-09-16 12:19:09', '2015-09-16 12:19:09', '2015-09-16 12:19:09', '55b1ce39-ed80-4736-afd9-8dc056c0f460');
INSERT INTO `craft_assetfiles` (`id`, `sourceId`, `folderId`, `filename`, `kind`, `width`, `height`, `size`, `dateModified`, `dateCreated`, `dateUpdated`, `uid`) VALUES ('29', '1', '1', 'retinue_header.png', 'image', '900', '200', '378915', '2015-09-16 13:23:30', '2015-09-16 13:23:30', '2015-09-16 13:23:30', 'ffa7baaa-25fa-4411-b334-167fff37a971');
INSERT INTO `craft_assetfiles` (`id`, `sourceId`, `folderId`, `filename`, `kind`, `width`, `height`, `size`, `dateModified`, `dateCreated`, `dateUpdated`, `uid`) VALUES ('30', '1', '1', 'LibrariumInquisimunda.png', 'image', '900', '200', '373687', '2015-09-16 15:09:20', '2015-09-16 15:09:20', '2015-09-16 15:09:20', '2d845935-5cdd-425c-a97f-dc53efc667e9');
INSERT INTO `craft_assetfiles` (`id`, `sourceId`, `folderId`, `filename`, `kind`, `width`, `height`, `size`, `dateModified`, `dateCreated`, `dateUpdated`, `uid`) VALUES ('31', '1', '1', 'tech_priest_by_winterhall.jpg', 'image', '800', '900', '97395', '2015-09-16 17:18:21', '2015-09-16 17:18:21', '2015-09-16 17:18:21', '9faa6dc9-8b58-459e-98ec-04033b2e309d');
INSERT INTO `craft_assetfiles` (`id`, `sourceId`, `folderId`, `filename`, `kind`, `width`, `height`, `size`, `dateModified`, `dateCreated`, `dateUpdated`, `uid`) VALUES ('32', '1', '1', 'Inquisimunda-Mutant-Mobs-draft.pdf', 'pdf', NULL, NULL, '885349', '2015-09-17 11:01:29', '2015-09-17 11:01:29', '2015-09-17 11:01:29', '18a03e1d-6bf0-4719-8ed2-d2fc8a4afceb');
INSERT INTO `craft_assetfiles` (`id`, `sourceId`, `folderId`, `filename`, `kind`, `width`, `height`, `size`, `dateModified`, `dateCreated`, `dateUpdated`, `uid`) VALUES ('34', '1', '1', 'Inquisimunda-v2.0-Arbites-Expuragtors-Warband-1.0.pdf', 'pdf', NULL, NULL, '752703', '2015-09-17 15:53:24', '2015-09-17 15:53:24', '2015-09-17 15:53:24', 'c40d7178-cb90-4f65-aaf3-99da67afaef8');
INSERT INTO `craft_assetfiles` (`id`, `sourceId`, `folderId`, `filename`, `kind`, `width`, `height`, `size`, `dateModified`, `dateCreated`, `dateUpdated`, `uid`) VALUES ('36', '1', '1', '12006727_10153236170258215_1954393402_o.jpg', 'image', '1080', '864', '74750', '2015-09-18 09:01:18', '2015-09-18 09:01:18', '2015-09-18 09:01:18', 'f8413a13-56d6-4fc7-80d3-395ab1b3a6df');
INSERT INTO `craft_assetfiles` (`id`, `sourceId`, `folderId`, `filename`, `kind`, `width`, `height`, `size`, `dateModified`, `dateCreated`, `dateUpdated`, `uid`) VALUES ('37', '1', '1', '12015383_10153236170153215_392725206_o.jpg', 'image', '1080', '864', '67973', '2015-09-18 09:01:33', '2015-09-18 09:01:33', '2015-09-18 09:01:33', 'd6788d50-cad0-4809-ae8f-8b7b5f4b2da7');
INSERT INTO `craft_assetfiles` (`id`, `sourceId`, `folderId`, `filename`, `kind`, `width`, `height`, `size`, `dateModified`, `dateCreated`, `dateUpdated`, `uid`) VALUES ('38', '1', '1', '12022193_10153236170338215_514675662_o.jpg', 'image', '1080', '864', '67026', '2015-09-18 09:01:36', '2015-09-18 09:01:36', '2015-09-18 09:01:36', 'd8140a58-d44b-4297-968b-91921c2bea18');
INSERT INTO `craft_assetfiles` (`id`, `sourceId`, `folderId`, `filename`, `kind`, `width`, `height`, `size`, `dateModified`, `dateCreated`, `dateUpdated`, `uid`) VALUES ('41', '1', '1', 'Inquisimunda-Chaos-Coven.pdf', 'pdf', NULL, NULL, '2396777', '2015-09-20 17:10:23', '2015-09-20 17:10:23', '2015-09-20 17:10:23', 'db328e03-c4ef-493d-acf5-45451bdf8ac8');
INSERT INTO `craft_assetfiles` (`id`, `sourceId`, `folderId`, `filename`, `kind`, `width`, `height`, `size`, `dateModified`, `dateCreated`, `dateUpdated`, `uid`) VALUES ('43', '1', '1', 'Inquisimunda-Dark-Eldar-Raiders.pdf', 'pdf', NULL, NULL, '1344187', '2015-09-20 17:11:12', '2015-09-20 17:11:12', '2015-09-20 17:11:12', '5a673b64-3400-4334-a78d-b958cbe099fb');
INSERT INTO `craft_assetfiles` (`id`, `sourceId`, `folderId`, `filename`, `kind`, `width`, `height`, `size`, `dateModified`, `dateCreated`, `dateUpdated`, `uid`) VALUES ('45', '1', '1', 'inquisimunda-Ecclesiarchal-Delegation.pdf', 'pdf', NULL, NULL, '1304219', '2015-09-20 17:12:11', '2015-09-20 17:12:11', '2015-09-20 17:12:11', 'c5b9b7fb-6dcb-47fb-815b-6f5cd359d8fb');
INSERT INTO `craft_assetfiles` (`id`, `sourceId`, `folderId`, `filename`, `kind`, `width`, `height`, `size`, `dateModified`, `dateCreated`, `dateUpdated`, `uid`) VALUES ('47', '1', '1', 'Inquisimunda-Eldar-Strike-Force.pdf', 'pdf', NULL, NULL, '2201866', '2015-09-20 17:12:47', '2015-09-20 17:12:47', '2015-09-20 17:12:47', 'f63667e1-6f2d-433f-96df-47c750b784ee');
INSERT INTO `craft_assetfiles` (`id`, `sourceId`, `folderId`, `filename`, `kind`, `width`, `height`, `size`, `dateModified`, `dateCreated`, `dateUpdated`, `uid`) VALUES ('49', '1', '1', 'Inquisimunda-Imperial-guard.pdf', 'pdf', NULL, NULL, '1976358', '2015-09-20 17:13:35', '2015-09-20 17:13:35', '2015-09-20 17:13:35', 'dc1f05e3-d313-4c2e-b225-86c218f44e8a');
INSERT INTO `craft_assetfiles` (`id`, `sourceId`, `folderId`, `filename`, `kind`, `width`, `height`, `size`, `dateModified`, `dateCreated`, `dateUpdated`, `uid`) VALUES ('51', '1', '1', 'Inquisimunda-Mutant-Mobs.pdf', 'pdf', NULL, NULL, '2647511', '2015-09-20 17:14:13', '2015-09-20 17:14:14', '2015-09-20 17:14:14', '91947307-3639-4f1b-a758-7c511d8eb64b');
INSERT INTO `craft_assetfiles` (`id`, `sourceId`, `folderId`, `filename`, `kind`, `width`, `height`, `size`, `dateModified`, `dateCreated`, `dateUpdated`, `uid`) VALUES ('53', '1', '1', 'Inquisimunda-Nobilists.pdf', 'pdf', NULL, NULL, '1065302', '2015-09-20 17:14:58', '2015-09-20 17:14:58', '2015-09-20 17:14:58', 'cc48551a-f8f5-42de-8d61-82ddacd7d26a');
INSERT INTO `craft_assetfiles` (`id`, `sourceId`, `folderId`, `filename`, `kind`, `width`, `height`, `size`, `dateModified`, `dateCreated`, `dateUpdated`, `uid`) VALUES ('55', '1', '1', 'Inquisimunda-Rogue-Traders.pdf', 'pdf', NULL, NULL, '1355273', '2015-09-20 17:15:55', '2015-09-20 17:15:55', '2015-09-20 17:15:55', 'c2c66bc0-6934-4ef2-afa6-f086d011a512');
INSERT INTO `craft_assetfiles` (`id`, `sourceId`, `folderId`, `filename`, `kind`, `width`, `height`, `size`, `dateModified`, `dateCreated`, `dateUpdated`, `uid`) VALUES ('57', '1', '1', 'Inquisimunda-Underworld-Elements.pdf', 'pdf', NULL, NULL, '913480', '2015-09-20 17:16:17', '2015-09-20 17:16:17', '2015-09-20 17:16:17', '110de727-f3a2-41c5-afcb-6f0f9f435e03');
INSERT INTO `craft_assetfiles` (`id`, `sourceId`, `folderId`, `filename`, `kind`, `width`, `height`, `size`, `dateModified`, `dateCreated`, `dateUpdated`, `uid`) VALUES ('59', '1', '1', 'Inquisimunda-Void-Pirates.pdf', 'pdf', NULL, NULL, '1497867', '2015-09-20 17:16:46', '2015-09-20 17:16:46', '2015-09-20 17:16:46', '87b58752-095a-44f2-8214-31017160d0d5');
INSERT INTO `craft_assetfiles` (`id`, `sourceId`, `folderId`, `filename`, `kind`, `width`, `height`, `size`, `dateModified`, `dateCreated`, `dateUpdated`, `uid`) VALUES ('61', '1', '1', 'Inquisimunda-Rulesv2.pdf', 'pdf', NULL, NULL, '19153337', '2015-09-20 17:19:04', '2015-09-20 17:19:06', '2015-09-20 17:19:06', '6021d17c-61b1-45c8-846f-121671070a79');
INSERT INTO `craft_assetfiles` (`id`, `sourceId`, `folderId`, `filename`, `kind`, `width`, `height`, `size`, `dateModified`, `dateCreated`, `dateUpdated`, `uid`) VALUES ('63', '1', '1', 'LOGO_PNG.png', 'image', '501', '546', '53581', '2015-09-21 08:56:50', '2015-09-21 08:56:50', '2015-09-21 08:56:50', '372f58a0-0cef-405e-8b66-2a84c69dc88f');
INSERT INTO `craft_assetfiles` (`id`, `sourceId`, `folderId`, `filename`, `kind`, `width`, `height`, `size`, `dateModified`, `dateCreated`, `dateUpdated`, `uid`) VALUES ('64', '1', '1', '12002993_10153630423157065_7986407149139096624_n.jpg', 'image', '528', '960', '48305', '2015-09-21 19:43:36', '2015-09-21 11:32:54', '2015-09-21 19:44:00', '0af5b881-27ac-49b2-9bf5-7bd5613d3eee');
INSERT INTO `craft_assetfiles` (`id`, `sourceId`, `folderId`, `filename`, `kind`, `width`, `height`, `size`, `dateModified`, `dateCreated`, `dateUpdated`, `uid`) VALUES ('65', '1', '1', '12003919_10153630424137065_9217478305041731219_n.jpg', 'image', '960', '540', '80417', '2015-09-21 19:43:37', '2015-09-21 11:33:16', '2015-09-21 19:44:01', '1a317569-7eba-4596-8696-accc814260e8');
INSERT INTO `craft_assetfiles` (`id`, `sourceId`, `folderId`, `filename`, `kind`, `width`, `height`, `size`, `dateModified`, `dateCreated`, `dateUpdated`, `uid`) VALUES ('66', '1', '1', '12011224_10153237834728215_1948319228865289552_n.jpg', 'image', '960', '543', '59493', '2015-09-21 19:43:40', '2015-09-21 11:33:17', '2015-09-21 19:44:02', '6fecb22c-9d96-48a5-a9ff-d2d9714f15f2');
INSERT INTO `craft_assetfiles` (`id`, `sourceId`, `folderId`, `filename`, `kind`, `width`, `height`, `size`, `dateModified`, `dateCreated`, `dateUpdated`, `uid`) VALUES ('67', '1', '1', '12039672_10153630425297065_5451765559760142166_n.jpg', 'image', '960', '540', '51511', '2015-09-21 19:43:28', '2015-09-21 11:33:17', '2015-09-21 19:43:55', 'dfdd8fd2-8f44-4cd1-af8e-adf0e72e4f9d');
INSERT INTO `craft_assetfiles` (`id`, `sourceId`, `folderId`, `filename`, `kind`, `width`, `height`, `size`, `dateModified`, `dateCreated`, `dateUpdated`, `uid`) VALUES ('68', '1', '1', '12042763_10153630425587065_6387726420392682275_n.jpg', 'image', '528', '960', '64219', '2015-09-21 19:43:29', '2015-09-21 11:33:18', '2015-09-21 19:43:55', 'bb7eeb97-b3ad-4b38-a1e8-a560eea83532');
INSERT INTO `craft_assetfiles` (`id`, `sourceId`, `folderId`, `filename`, `kind`, `width`, `height`, `size`, `dateModified`, `dateCreated`, `dateUpdated`, `uid`) VALUES ('69', '1', '1', '12046801_10153630424817065_8353527883281864560_n.jpg', 'image', '528', '960', '65187', '2015-09-21 19:43:30', '2015-09-21 11:33:19', '2015-09-21 19:43:56', '566a2a35-a832-4e43-aadb-5c7d95dd0fff');
INSERT INTO `craft_assetfiles` (`id`, `sourceId`, `folderId`, `filename`, `kind`, `width`, `height`, `size`, `dateModified`, `dateCreated`, `dateUpdated`, `uid`) VALUES ('70', '1', '1', '12049336_10153630425642065_6815637889187930470_n.jpg', 'image', '960', '540', '84563', '2015-09-21 19:43:31', '2015-09-21 11:33:20', '2015-09-21 19:43:57', 'af68279b-8d61-47df-8071-aa90f807b15d');
INSERT INTO `craft_assetfiles` (`id`, `sourceId`, `folderId`, `filename`, `kind`, `width`, `height`, `size`, `dateModified`, `dateCreated`, `dateUpdated`, `uid`) VALUES ('71', '1', '1', '12049591_10153630423282065_1674135899943054734_n.jpg', 'image', '960', '540', '72231', '2015-09-21 19:43:32', '2015-09-21 11:33:20', '2015-09-21 19:43:57', '93cb3aa5-f4ae-4537-9b4b-9c42c14b97db');
INSERT INTO `craft_assetfiles` (`id`, `sourceId`, `folderId`, `filename`, `kind`, `width`, `height`, `size`, `dateModified`, `dateCreated`, `dateUpdated`, `uid`) VALUES ('73', '1', '1', '12038053_10154365422605620_1971820420733108130_n.jpg', 'image', '960', '720', '112484', '2015-09-21 19:43:26', '2015-09-21 19:31:58', '2015-09-21 19:43:53', '9c486b8f-e1ce-4f55-9d98-da450d4e183c');
INSERT INTO `craft_assetfiles` (`id`, `sourceId`, `folderId`, `filename`, `kind`, `width`, `height`, `size`, `dateModified`, `dateCreated`, `dateUpdated`, `uid`) VALUES ('74', '1', '1', '12038138_10154365421570620_7389783216060554138_n.jpg', 'image', '960', '720', '124312', '2015-09-21 19:43:27', '2015-09-21 19:31:58', '2015-09-21 19:43:54', '4909e425-7c38-4272-87bf-67ceaefeed79');
INSERT INTO `craft_assetfiles` (`id`, `sourceId`, `folderId`, `filename`, `kind`, `width`, `height`, `size`, `dateModified`, `dateCreated`, `dateUpdated`, `uid`) VALUES ('75', '1', '1', '12039577_10154365423390620_3508536508873955241_n.jpg', 'image', '960', '720', '104987', '2015-09-21 19:43:28', '2015-09-21 19:31:59', '2015-09-21 19:43:54', 'e354e391-96d6-465b-b49c-e5be162f5f95');
INSERT INTO `craft_assetfiles` (`id`, `sourceId`, `folderId`, `filename`, `kind`, `width`, `height`, `size`, `dateModified`, `dateCreated`, `dateUpdated`, `uid`) VALUES ('79', '1', '1', '12047186_10154365422670620_2583865523578194221_n.jpg', 'image', '960', '772', '94892', '2015-09-21 19:43:31', '2015-09-21 19:32:02', '2015-09-21 19:43:56', '6a88640b-9903-4a15-a846-895a317e02be');
INSERT INTO `craft_assetfiles` (`id`, `sourceId`, `folderId`, `filename`, `kind`, `width`, `height`, `size`, `dateModified`, `dateCreated`, `dateUpdated`, `uid`) VALUES ('82', '1', '1', '11150579_10154365421405620_9079176359177344691_n.jpg', 'image', '960', '720', '133067', '2015-09-21 19:43:33', '2015-09-21 19:32:05', '2015-09-21 19:43:58', 'd865fa54-c56b-456c-8f73-e72935f3a575');
INSERT INTO `craft_assetfiles` (`id`, `sourceId`, `folderId`, `filename`, `kind`, `width`, `height`, `size`, `dateModified`, `dateCreated`, `dateUpdated`, `uid`) VALUES ('83', '1', '1', '11215191_10154365421390620_8016077754600752452_n.jpg', 'image', '960', '720', '114658', '2015-09-21 19:43:34', '2015-09-21 19:32:06', '2015-09-21 19:43:58', '55bfd0a5-f15a-49af-b320-5ee556f28dd7');
INSERT INTO `craft_assetfiles` (`id`, `sourceId`, `folderId`, `filename`, `kind`, `width`, `height`, `size`, `dateModified`, `dateCreated`, `dateUpdated`, `uid`) VALUES ('84', '1', '1', '11221698_10154365422540620_8514179231561763776_n.jpg', 'image', '960', '720', '113629', '2015-09-21 19:43:35', '2015-09-21 19:32:07', '2015-09-21 19:43:59', '14e6a6cd-d300-4c73-8809-9a5dd949d167');
INSERT INTO `craft_assetfiles` (`id`, `sourceId`, `folderId`, `filename`, `kind`, `width`, `height`, `size`, `dateModified`, `dateCreated`, `dateUpdated`, `uid`) VALUES ('85', '1', '1', '12002793_10154365421915620_7556023316626556016_n.jpg', 'image', '960', '720', '86540', '2015-09-21 19:43:36', '2015-09-21 19:32:08', '2015-09-21 19:44:00', '979f3b40-0581-417a-8f1d-60bf5686f590');
INSERT INTO `craft_assetfiles` (`id`, `sourceId`, `folderId`, `filename`, `kind`, `width`, `height`, `size`, `dateModified`, `dateCreated`, `dateUpdated`, `uid`) VALUES ('88', '1', '1', '12004801_10154365423035620_2918634485674177421_n.jpg', 'image', '960', '720', '86794', '2015-09-21 19:43:38', '2015-09-21 19:32:10', '2015-09-21 19:44:01', '3eeea61c-8182-4843-b14e-c5f958ab78fd');
INSERT INTO `craft_assetfiles` (`id`, `sourceId`, `folderId`, `filename`, `kind`, `width`, `height`, `size`, `dateModified`, `dateCreated`, `dateUpdated`, `uid`) VALUES ('89', '1', '1', '12006355_10154365421615620_4452502907032839143_n.jpg', 'image', '960', '720', '102136', '2015-09-21 19:43:39', '2015-09-21 19:32:11', '2015-09-21 19:44:02', 'e48a3215-0b4d-4242-b151-9f108bc56286');
INSERT INTO `craft_assetfiles` (`id`, `sourceId`, `folderId`, `filename`, `kind`, `width`, `height`, `size`, `dateModified`, `dateCreated`, `dateUpdated`, `uid`) VALUES ('91', '1', '1', '12011285_10154365421575620_5107976291133834792_n.jpg', 'image', '960', '720', '111451', '2015-09-21 19:43:40', '2015-09-21 19:32:13', '2015-09-21 19:44:03', '3ca67f2a-d642-4593-a72f-c17d2de59db8');
INSERT INTO `craft_assetfiles` (`id`, `sourceId`, `folderId`, `filename`, `kind`, `width`, `height`, `size`, `dateModified`, `dateCreated`, `dateUpdated`, `uid`) VALUES ('92', '1', '1', '12019860_10154365422490620_5943256199105556216_n.jpg', 'image', '960', '720', '100596', '2015-09-21 19:43:41', '2015-09-21 19:32:14', '2015-09-21 19:44:03', 'e0583f04-86cf-473e-ab63-cd8e64e0f7dd');
INSERT INTO `craft_assetfiles` (`id`, `sourceId`, `folderId`, `filename`, `kind`, `width`, `height`, `size`, `dateModified`, `dateCreated`, `dateUpdated`, `uid`) VALUES ('93', '1', '1', '12027529_10154365423230620_627084736363998093_n.jpg', 'image', '960', '720', '95378', '2015-09-21 19:43:42', '2015-09-21 19:32:15', '2015-09-21 19:44:04', 'c41da066-949e-4830-a234-6b6d27a7e210');
INSERT INTO `craft_assetfiles` (`id`, `sourceId`, `folderId`, `filename`, `kind`, `width`, `height`, `size`, `dateModified`, `dateCreated`, `dateUpdated`, `uid`) VALUES ('94', '1', '1', '12031997_10154365421940620_6632733186679552501_n.jpg', 'image', '960', '720', '92789', '2015-09-21 19:43:23', '2015-09-21 19:32:16', '2015-09-21 19:43:52', '9a21b153-6fd9-4dc0-beca-4e60f0f3d6f0');
INSERT INTO `craft_assetfiles` (`id`, `sourceId`, `folderId`, `filename`, `kind`, `width`, `height`, `size`, `dateModified`, `dateCreated`, `dateUpdated`, `uid`) VALUES ('95', '1', '1', '12038036_10154365422015620_7647364201727779039_n.jpg', 'image', '960', '720', '103851', '2015-09-21 19:43:25', '2015-09-21 19:32:17', '2015-09-21 19:43:53', 'b697a8af-2a09-430b-9625-3b2deaf25dbd');
INSERT INTO `craft_assetfiles` (`id`, `sourceId`, `folderId`, `filename`, `kind`, `width`, `height`, `size`, `dateModified`, `dateCreated`, `dateUpdated`, `uid`) VALUES ('119', '1', '1', 'Scenario-4-The-Vindicare.pdf', 'pdf', NULL, NULL, '243364', '2015-09-30 13:45:11', '2015-09-21 20:05:08', '2015-09-30 13:45:14', '5ed03ae1-cc8d-45b2-ad1a-a89170db3e65');
INSERT INTO `craft_assetfiles` (`id`, `sourceId`, `folderId`, `filename`, `kind`, `width`, `height`, `size`, `dateModified`, `dateCreated`, `dateUpdated`, `uid`) VALUES ('122', '1', '1', 'Scenario-1-Black-Chimera-Down.pdf', 'pdf', NULL, NULL, '245181', '2015-09-21 20:17:47', '2015-09-21 20:17:47', '2015-09-21 20:17:47', 'ea95c18b-d70d-4c6f-8ebe-c9a9a92a618e');
INSERT INTO `craft_assetfiles` (`id`, `sourceId`, `folderId`, `filename`, `kind`, `width`, `height`, `size`, `dateModified`, `dateCreated`, `dateUpdated`, `uid`) VALUES ('125', '1', '1', 'Warband.jpg', 'image', '925', '523', '46363', '2015-09-23 08:32:51', '2015-09-23 08:32:51', '2015-09-23 08:32:51', '36e3c36d-41d0-43ce-bc30-1a6ea019acf8');
INSERT INTO `craft_assetfiles` (`id`, `sourceId`, `folderId`, `filename`, `kind`, `width`, `height`, `size`, `dateModified`, `dateCreated`, `dateUpdated`, `uid`) VALUES ('127', '1', '1', 'Scenario-The-Heretek.pdf', 'pdf', NULL, NULL, '271253', '2015-09-29 14:22:02', '2015-09-29 14:22:02', '2015-09-29 14:22:02', '9c062e4d-40a6-42da-b145-83eaea66c085');
INSERT INTO `craft_assetfiles` (`id`, `sourceId`, `folderId`, `filename`, `kind`, `width`, `height`, `size`, `dateModified`, `dateCreated`, `dateUpdated`, `uid`) VALUES ('129', '1', '1', '99bugs.jpg', 'image', '639', '320', '24451', '2015-09-29 16:22:10', '2015-09-29 16:22:10', '2015-09-29 16:22:10', '65b33b71-a14a-4702-8465-6106201b1b81');
INSERT INTO `craft_assetfiles` (`id`, `sourceId`, `folderId`, `filename`, `kind`, `width`, `height`, `size`, `dateModified`, `dateCreated`, `dateUpdated`, `uid`) VALUES ('131', '1', '1', 'Scenario-2-Through-the-Fans.pdf', 'pdf', NULL, NULL, '206839', '2015-09-30 13:19:06', '2015-09-30 13:19:06', '2015-09-30 13:19:06', 'e3f185d7-9166-461b-a0ec-f3d59c9d9d44');
INSERT INTO `craft_assetfiles` (`id`, `sourceId`, `folderId`, `filename`, `kind`, `width`, `height`, `size`, `dateModified`, `dateCreated`, `dateUpdated`, `uid`) VALUES ('132', '1', '1', 'Scenario-3-Out-of-the-Dark.pdf', 'pdf', NULL, NULL, '203207', '2015-09-30 13:33:52', '2015-09-30 13:33:52', '2015-09-30 13:33:52', 'b13cd086-1f9e-4a95-b6bf-4a4d40301737');
INSERT INTO `craft_assetfiles` (`id`, `sourceId`, `folderId`, `filename`, `kind`, `width`, `height`, `size`, `dateModified`, `dateCreated`, `dateUpdated`, `uid`) VALUES ('134', '1', '1', 'Scenario-4-The-Vindicare_1.pdf', 'pdf', NULL, NULL, '243364', '2015-09-30 13:48:20', '2015-09-30 13:48:20', '2015-09-30 13:48:20', '3604863f-fb38-4042-8602-0152f442c6be');
INSERT INTO `craft_assetfiles` (`id`, `sourceId`, `folderId`, `filename`, `kind`, `width`, `height`, `size`, `dateModified`, `dateCreated`, `dateUpdated`, `uid`) VALUES ('135', '1', '1', 'Scenario-Gang-Fight.pdf', 'pdf', NULL, NULL, '235991', '2015-10-11 10:24:27', '2015-10-11 10:24:27', '2015-10-11 10:24:27', '746acfba-c8b7-4081-adfa-4070af11b875');
INSERT INTO `craft_assetfiles` (`id`, `sourceId`, `folderId`, `filename`, `kind`, `width`, `height`, `size`, `dateModified`, `dateCreated`, `dateUpdated`, `uid`) VALUES ('137', '1', '1', 'Scenario-Scavengers.pdf', 'pdf', NULL, NULL, '351526', '2015-10-13 13:26:02', '2015-10-13 13:26:02', '2015-10-13 13:26:02', '308a6ea6-4f39-487e-90eb-21c0797851da');
INSERT INTO `craft_assetfiles` (`id`, `sourceId`, `folderId`, `filename`, `kind`, `width`, `height`, `size`, `dateModified`, `dateCreated`, `dateUpdated`, `uid`) VALUES ('139', '1', '1', 'Scenario-The-Safehouse.pdf', 'pdf', NULL, NULL, '355192', '2015-10-15 15:02:18', '2015-10-15 15:02:18', '2015-10-15 15:02:18', 'a4b6a5f1-30e4-4327-8c65-a11c56e70c9d');



DROP TABLE IF EXISTS `craft_assetfolders`;


--
-- Schema for table `craft_assetfolders`
--
CREATE TABLE `craft_assetfolders` (
  `id` int(11) NOT NULL AUTO_INCREMENT,
  `parentId` int(11) DEFAULT NULL,
  `sourceId` int(11) DEFAULT NULL,
  `name` varchar(255) COLLATE utf8_unicode_ci NOT NULL,
  `path` varchar(255) COLLATE utf8_unicode_ci DEFAULT NULL,
  `dateCreated` datetime NOT NULL,
  `dateUpdated` datetime NOT NULL,
  `uid` char(36) COLLATE utf8_unicode_ci NOT NULL DEFAULT '0',
  PRIMARY KEY (`id`),
  UNIQUE KEY `craft_assetfolders_name_parentId_sourceId_unq_idx` (`name`,`parentId`,`sourceId`),
  KEY `craft_assetfolders_parentId_fk` (`parentId`),
  KEY `craft_assetfolders_sourceId_fk` (`sourceId`)
) ENGINE=InnoDB AUTO_INCREMENT=2 DEFAULT CHARSET=utf8 COLLATE=utf8_unicode_ci;

--
-- Data for table `craft_assetfolders`
--

INSERT INTO `craft_assetfolders` (`id`, `parentId`, `sourceId`, `name`, `path`, `dateCreated`, `dateUpdated`, `uid`) VALUES ('1', NULL, '1', 'uploads', '', '2015-09-15 13:35:39', '2015-09-15 13:35:39', '724882ef-d74d-4055-b3df-51a60cde81eb');



DROP TABLE IF EXISTS `craft_assetindexdata`;


--
-- Schema for table `craft_assetindexdata`
--
CREATE TABLE `craft_assetindexdata` (
  `id` int(11) NOT NULL AUTO_INCREMENT,
  `sessionId` varchar(36) COLLATE utf8_unicode_ci NOT NULL DEFAULT '',
  `sourceId` int(10) NOT NULL,
  `offset` int(10) NOT NULL,
  `uri` varchar(255) COLLATE utf8_unicode_ci DEFAULT NULL,
  `size` int(10) DEFAULT NULL,
  `recordId` int(10) DEFAULT NULL,
  `dateCreated` datetime NOT NULL,
  `dateUpdated` datetime NOT NULL,
  `uid` char(36) COLLATE utf8_unicode_ci NOT NULL DEFAULT '0',
  PRIMARY KEY (`id`),
  UNIQUE KEY `craft_assetindexdata_sessionId_sourceId_offset_unq_idx` (`sessionId`,`sourceId`,`offset`),
  KEY `craft_assetindexdata_sourceId_fk` (`sourceId`)
) ENGINE=InnoDB DEFAULT CHARSET=utf8 COLLATE=utf8_unicode_ci;

DROP TABLE IF EXISTS `craft_assetsources`;


--
-- Schema for table `craft_assetsources`
--
CREATE TABLE `craft_assetsources` (
  `id` int(11) NOT NULL AUTO_INCREMENT,
  `name` varchar(255) COLLATE utf8_unicode_ci NOT NULL,
  `handle` varchar(255) COLLATE utf8_unicode_ci NOT NULL,
  `type` varchar(150) COLLATE utf8_unicode_ci NOT NULL,
  `settings` text COLLATE utf8_unicode_ci,
  `sortOrder` tinyint(4) DEFAULT NULL,
  `fieldLayoutId` int(10) DEFAULT NULL,
  `dateCreated` datetime NOT NULL,
  `dateUpdated` datetime NOT NULL,
  `uid` char(36) COLLATE utf8_unicode_ci NOT NULL DEFAULT '0',
  PRIMARY KEY (`id`),
  UNIQUE KEY `craft_assetsources_name_unq_idx` (`name`),
  UNIQUE KEY `craft_assetsources_handle_unq_idx` (`handle`),
  KEY `craft_assetsources_fieldLayoutId_fk` (`fieldLayoutId`)
) ENGINE=InnoDB AUTO_INCREMENT=2 DEFAULT CHARSET=utf8 COLLATE=utf8_unicode_ci;

--
-- Data for table `craft_assetsources`
--

INSERT INTO `craft_assetsources` (`id`, `name`, `handle`, `type`, `settings`, `sortOrder`, `fieldLayoutId`, `dateCreated`, `dateUpdated`, `uid`) VALUES ('1', 'uploads', 'uploads', 'Local', '{\"path\":\"uploads\\/\",\"url\":\"..\\/..\\/uploads\\/\"}', '1', '31', '2015-09-15 13:35:39', '2015-09-21 11:32:48', 'ee506956-2ddc-46a5-be8e-3079e6216a34');



DROP TABLE IF EXISTS `craft_assettransformindex`;


--
-- Schema for table `craft_assettransformindex`
--
CREATE TABLE `craft_assettransformindex` (
  `id` int(11) NOT NULL AUTO_INCREMENT,
  `fileId` int(11) NOT NULL,
  `filename` varchar(255) COLLATE utf8_unicode_ci DEFAULT NULL,
  `format` varchar(255) COLLATE utf8_unicode_ci DEFAULT NULL,
  `location` varchar(255) COLLATE utf8_unicode_ci NOT NULL,
  `sourceId` int(11) DEFAULT NULL,
  `fileExists` tinyint(1) DEFAULT NULL,
  `inProgress` tinyint(1) DEFAULT NULL,
  `dateIndexed` datetime DEFAULT NULL,
  `dateCreated` datetime NOT NULL,
  `dateUpdated` datetime NOT NULL,
  `uid` char(36) COLLATE utf8_unicode_ci NOT NULL DEFAULT '0',
  PRIMARY KEY (`id`),
  KEY `craft_assettransformindex_sourceId_fileId_location_idx` (`sourceId`,`fileId`,`location`)
) ENGINE=InnoDB DEFAULT CHARSET=utf8 COLLATE=utf8_unicode_ci;

DROP TABLE IF EXISTS `craft_assettransforms`;


--
-- Schema for table `craft_assettransforms`
--
CREATE TABLE `craft_assettransforms` (
  `id` int(11) NOT NULL AUTO_INCREMENT,
  `name` varchar(255) COLLATE utf8_unicode_ci NOT NULL,
  `handle` varchar(255) COLLATE utf8_unicode_ci NOT NULL,
  `mode` enum('stretch','fit','crop') COLLATE utf8_unicode_ci NOT NULL DEFAULT 'crop',
  `position` enum('top-left','top-center','top-right','center-left','center-center','center-right','bottom-left','bottom-center','bottom-right') COLLATE utf8_unicode_ci NOT NULL DEFAULT 'center-center',
  `height` int(10) DEFAULT NULL,
  `width` int(10) DEFAULT NULL,
  `format` varchar(255) COLLATE utf8_unicode_ci DEFAULT NULL,
  `quality` int(10) DEFAULT NULL,
  `dimensionChangeTime` datetime DEFAULT NULL,
  `dateCreated` datetime NOT NULL,
  `dateUpdated` datetime NOT NULL,
  `uid` char(36) COLLATE utf8_unicode_ci NOT NULL DEFAULT '0',
  PRIMARY KEY (`id`),
  UNIQUE KEY `craft_assettransforms_name_unq_idx` (`name`),
  UNIQUE KEY `craft_assettransforms_handle_unq_idx` (`handle`)
) ENGINE=InnoDB DEFAULT CHARSET=utf8 COLLATE=utf8_unicode_ci;

DROP TABLE IF EXISTS `craft_categories`;


--
-- Schema for table `craft_categories`
--
CREATE TABLE `craft_categories` (
  `id` int(11) NOT NULL,
  `groupId` int(11) NOT NULL,
  `dateCreated` datetime NOT NULL,
  `dateUpdated` datetime NOT NULL,
  `uid` char(36) COLLATE utf8_unicode_ci NOT NULL DEFAULT '0',
  PRIMARY KEY (`id`),
  KEY `craft_categories_groupId_fk` (`groupId`)
) ENGINE=InnoDB DEFAULT CHARSET=utf8 COLLATE=utf8_unicode_ci;

DROP TABLE IF EXISTS `craft_categorygroups`;


--
-- Schema for table `craft_categorygroups`
--
CREATE TABLE `craft_categorygroups` (
  `id` int(11) NOT NULL AUTO_INCREMENT,
  `structureId` int(11) NOT NULL,
  `fieldLayoutId` int(11) DEFAULT NULL,
  `name` varchar(255) COLLATE utf8_unicode_ci NOT NULL,
  `handle` varchar(255) COLLATE utf8_unicode_ci NOT NULL,
  `hasUrls` tinyint(1) unsigned NOT NULL DEFAULT '1',
  `template` varchar(500) COLLATE utf8_unicode_ci DEFAULT NULL,
  `dateCreated` datetime NOT NULL,
  `dateUpdated` datetime NOT NULL,
  `uid` char(36) COLLATE utf8_unicode_ci NOT NULL DEFAULT '0',
  PRIMARY KEY (`id`),
  UNIQUE KEY `craft_categorygroups_name_unq_idx` (`name`),
  UNIQUE KEY `craft_categorygroups_handle_unq_idx` (`handle`),
  KEY `craft_categorygroups_structureId_fk` (`structureId`),
  KEY `craft_categorygroups_fieldLayoutId_fk` (`fieldLayoutId`)
) ENGINE=InnoDB DEFAULT CHARSET=utf8 COLLATE=utf8_unicode_ci;

DROP TABLE IF EXISTS `craft_categorygroups_i18n`;


--
-- Schema for table `craft_categorygroups_i18n`
--
CREATE TABLE `craft_categorygroups_i18n` (
  `id` int(11) NOT NULL AUTO_INCREMENT,
  `groupId` int(11) NOT NULL,
  `locale` char(12) COLLATE utf8_unicode_ci NOT NULL,
  `urlFormat` varchar(255) COLLATE utf8_unicode_ci DEFAULT NULL,
  `nestedUrlFormat` varchar(255) COLLATE utf8_unicode_ci DEFAULT NULL,
  `dateCreated` datetime NOT NULL,
  `dateUpdated` datetime NOT NULL,
  `uid` char(36) COLLATE utf8_unicode_ci NOT NULL DEFAULT '0',
  PRIMARY KEY (`id`),
  UNIQUE KEY `craft_categorygroups_i18n_groupId_locale_unq_idx` (`groupId`,`locale`),
  KEY `craft_categorygroups_i18n_locale_fk` (`locale`)
) ENGINE=InnoDB DEFAULT CHARSET=utf8 COLLATE=utf8_unicode_ci;

DROP TABLE IF EXISTS `craft_comments`;


--
-- Schema for table `craft_comments`
--
CREATE TABLE `craft_comments` (
  `id` int(11) NOT NULL AUTO_INCREMENT,
  `elementId` int(11) NOT NULL,
  `userId` int(11) DEFAULT NULL,
  `elementType` varchar(255) COLLATE utf8_unicode_ci DEFAULT NULL,
  `structureId` int(10) DEFAULT NULL,
  `status` enum('approved','pending','spam','trashed') COLLATE utf8_unicode_ci DEFAULT NULL,
  `name` varchar(255) COLLATE utf8_unicode_ci DEFAULT NULL,
  `email` varchar(255) COLLATE utf8_unicode_ci DEFAULT NULL,
  `url` varchar(255) COLLATE utf8_unicode_ci DEFAULT NULL,
  `ipAddress` varchar(255) COLLATE utf8_unicode_ci DEFAULT NULL,
  `userAgent` varchar(255) COLLATE utf8_unicode_ci DEFAULT NULL,
  `comment` text COLLATE utf8_unicode_ci,
  `dateCreated` datetime NOT NULL,
  `dateUpdated` datetime NOT NULL,
  `uid` char(36) COLLATE utf8_unicode_ci NOT NULL DEFAULT '0',
  PRIMARY KEY (`id`),
  KEY `craft_comments_elementId_fk` (`elementId`),
  KEY `craft_comments_userId_fk` (`userId`)
) ENGINE=InnoDB AUTO_INCREMENT=41 DEFAULT CHARSET=utf8 COLLATE=utf8_unicode_ci;

--
-- Data for table `craft_comments`
--

INSERT INTO `craft_comments` (`id`, `elementId`, `userId`, `elementType`, `structureId`, `status`, `name`, `email`, `url`, `ipAddress`, `userAgent`, `comment`, `dateCreated`, `dateUpdated`, `uid`) VALUES ('40', '39', '1', 'Entry', '1', 'trashed', NULL, NULL, 'http://inquisimunda.evinwijninga.com/article/2015/elevated-walkways-for-our-games', '77.162.211.80', 'Mozilla/5.0 (Windows NT 6.1; WOW64) AppleWebKit/537.36 (KHTML, like Gecko) Chrome/45.0.2454.93 Safari/537.36', 'This is a test comment\r\n', '2015-09-18 09:23:39', '2015-09-18 09:39:30', '6d02d4e5-24d7-46a0-b590-397cbb047e65');



DROP TABLE IF EXISTS `craft_comments_flags`;


--
-- Schema for table `craft_comments_flags`
--
CREATE TABLE `craft_comments_flags` (
  `id` int(11) NOT NULL AUTO_INCREMENT,
  `commentId` int(11) DEFAULT NULL,
  `userId` int(11) DEFAULT NULL,
  `dateCreated` datetime NOT NULL,
  `dateUpdated` datetime NOT NULL,
  `uid` char(36) COLLATE utf8_unicode_ci NOT NULL DEFAULT '0',
  PRIMARY KEY (`id`),
  KEY `craft_comments_flags_commentId_fk` (`commentId`),
  KEY `craft_comments_flags_userId_fk` (`userId`)
) ENGINE=InnoDB DEFAULT CHARSET=utf8 COLLATE=utf8_unicode_ci;

DROP TABLE IF EXISTS `craft_comments_votes`;


--
-- Schema for table `craft_comments_votes`
--
CREATE TABLE `craft_comments_votes` (
  `id` int(11) NOT NULL AUTO_INCREMENT,
  `commentId` int(11) DEFAULT NULL,
  `userId` int(11) DEFAULT NULL,
  `upvote` tinyint(1) unsigned NOT NULL DEFAULT '0',
  `downvote` tinyint(1) unsigned NOT NULL DEFAULT '0',
  `dateCreated` datetime NOT NULL,
  `dateUpdated` datetime NOT NULL,
  `uid` char(36) COLLATE utf8_unicode_ci NOT NULL DEFAULT '0',
  PRIMARY KEY (`id`),
  KEY `craft_comments_votes_commentId_fk` (`commentId`),
  KEY `craft_comments_votes_userId_fk` (`userId`)
) ENGINE=InnoDB DEFAULT CHARSET=utf8 COLLATE=utf8_unicode_ci;

DROP TABLE IF EXISTS `craft_content`;


--
-- Schema for table `craft_content`
--
CREATE TABLE `craft_content` (
  `id` int(11) NOT NULL AUTO_INCREMENT,
  `elementId` int(11) NOT NULL,
  `locale` char(12) COLLATE utf8_unicode_ci NOT NULL,
  `title` varchar(255) COLLATE utf8_unicode_ci DEFAULT NULL,
  `field_body` text COLLATE utf8_unicode_ci,
  `field_poster` varchar(255) COLLATE utf8_unicode_ci DEFAULT NULL,
  `dateCreated` datetime NOT NULL,
  `dateUpdated` datetime NOT NULL,
  `uid` char(36) COLLATE utf8_unicode_ci NOT NULL DEFAULT '0',
  PRIMARY KEY (`id`),
  UNIQUE KEY `craft_content_elementId_locale_unq_idx` (`elementId`,`locale`),
  KEY `craft_content_title_idx` (`title`),
  KEY `craft_content_locale_fk` (`locale`)
) ENGINE=InnoDB AUTO_INCREMENT=141 DEFAULT CHARSET=utf8 COLLATE=utf8_unicode_ci;

--
-- Data for table `craft_content`
--

INSERT INTO `craft_content` (`id`, `elementId`, `locale`, `title`, `field_body`, `field_poster`, `dateCreated`, `dateUpdated`, `uid`) VALUES ('1', '1', 'nl', NULL, NULL, NULL, '2015-09-15 12:10:55', '2015-09-18 17:50:58', 'f81030d5-876a-4a81-bec2-da8183f58999');
INSERT INTO `craft_content` (`id`, `elementId`, `locale`, `title`, `field_body`, `field_poster`, `dateCreated`, `dateUpdated`, `uid`) VALUES ('2', '2', 'nl', 'Home', '<div style=\"-webkit-column-count: 2; /* Chrome, Safari, Opera */ -moz-column-count: 2; /* Firefox */ column-count: 2;\">\r\n	<p>On this site I will collect all the Inquisimunda documents I can find, as well as post my work on warbands, scenario\'s and terrain. The Inquisimunda rules are fan-made adoptations on Games Workshop\'s Necromunda.\r\n	</p>\r\n	<p>Many thanks go to Jeremy who hosts the Inquisimunda 1.0 files on <a href=\"http://empireofghosts.blogspot.nl/p/inquisimunda-resources.html\" target=\"_blank\">http://empireofghosts.blogspot.nl/p/inquisimunda-resources.html</a>, as well as to the community on <a href=\"https://yaktribe.org/community/forums/inquisimunda.41/\" target=\"_blank\">Yaktribe.org</a> who work on the Inquisimunda 2.0 rules.\r\n	</p>\r\n</div>', NULL, '2015-09-15 12:10:56', '2015-10-15 14:54:47', '6e5e0d68-9d8e-41d1-97db-98719824952f');
INSERT INTO `craft_content` (`id`, `elementId`, `locale`, `title`, `field_body`, `field_poster`, `dateCreated`, `dateUpdated`, `uid`) VALUES ('4', '4', 'nl', 'The site is launched!', '<p>Well, we have launched the site! Still working on the content people  :)</p><p><img src=\"{asset:20:url}\"><br></p><p><br></p>', 'Evin', '2015-09-15 13:30:08', '2015-09-18 08:55:49', 'ffeebc0f-10a2-45d8-9ac1-476567fe2723');
INSERT INTO `craft_content` (`id`, `elementId`, `locale`, `title`, `field_body`, `field_poster`, `dateCreated`, `dateUpdated`, `uid`) VALUES ('5', '5', 'nl', 'Black Chimera Down', '<p>An Imperial Guard chimera has broken down! Can you save the wounded driver?</p>', NULL, '2015-09-15 13:32:05', '2015-09-21 20:17:56', '3fa68daa-c201-4c8e-a9f9-a5c6b450c4c5');
INSERT INTO `craft_content` (`id`, `elementId`, `locale`, `title`, `field_body`, `field_poster`, `dateCreated`, `dateUpdated`, `uid`) VALUES ('6', '6', 'nl', 'Scenario-1', NULL, NULL, '2015-09-15 13:39:07', '2015-09-15 13:39:07', 'ff9e5523-56a9-4cec-9260-e1fac0362448');
INSERT INTO `craft_content` (`id`, `elementId`, `locale`, `title`, `field_body`, `field_poster`, `dateCreated`, `dateUpdated`, `uid`) VALUES ('7', '7', 'nl', 'Scenario-2', NULL, NULL, '2015-09-15 14:02:05', '2015-09-15 14:02:05', '590aa5c7-4afb-4afa-a0a4-4268faea2d88');
INSERT INTO `craft_content` (`id`, `elementId`, `locale`, `title`, `field_body`, `field_poster`, `dateCreated`, `dateUpdated`, `uid`) VALUES ('8', '8', 'nl', 'Through the Fans', '<p>Find your way to the fans that offer access to the lower area\'s!</p>', NULL, '2015-09-15 14:02:15', '2015-09-30 13:19:16', '107a764e-53b8-4d5e-9e1a-514f5431a94c');
INSERT INTO `craft_content` (`id`, `elementId`, `locale`, `title`, `field_body`, `field_poster`, `dateCreated`, `dateUpdated`, `uid`) VALUES ('9', '9', 'nl', 'Scenario-3', NULL, NULL, '2015-09-15 14:04:17', '2015-09-15 14:04:17', 'daa6d9e6-7f9b-4c1c-a0f0-81c67d9c0d02');
INSERT INTO `craft_content` (`id`, `elementId`, `locale`, `title`, `field_body`, `field_poster`, `dateCreated`, `dateUpdated`, `uid`) VALUES ('10', '10', 'nl', 'Out of the Dark', '<p>After travelling through the dark tunnels you finally rmake your way to the upper area\'s! However, your warband is split, and the enemy is in sight.</p>', NULL, '2015-09-15 14:04:21', '2015-09-30 13:44:57', 'be00712e-d8d0-48de-b719-e9e6fe267d38');
INSERT INTO `craft_content` (`id`, `elementId`, `locale`, `title`, `field_body`, `field_poster`, `dateCreated`, `dateUpdated`, `uid`) VALUES ('11', '11', 'nl', 'Inquisimunda-Inquisition-Cells-Final', NULL, NULL, '2015-09-15 14:15:12', '2015-09-15 14:15:12', '1cdb1e14-b327-4cda-b3bf-f2697cff95d9');
INSERT INTO `craft_content` (`id`, `elementId`, `locale`, `title`, `field_body`, `field_poster`, `dateCreated`, `dateUpdated`, `uid`) VALUES ('12', '12', 'nl', 'Inquisition Cell', '<p>The final 2.0 rules for the Inquisiton Cell are finally available</p>', NULL, '2015-09-15 14:15:20', '2015-09-20 17:24:54', '14612a2e-2570-46b9-96e4-23eaa8521b99');
INSERT INTO `craft_content` (`id`, `elementId`, `locale`, `title`, `field_body`, `field_poster`, `dateCreated`, `dateUpdated`, `uid`) VALUES ('13', '13', 'nl', 'Facebook-Banner', NULL, NULL, '2015-09-15 14:29:15', '2015-09-15 14:29:15', 'a28b18bd-6e13-4698-a132-41561751d710');
INSERT INTO `craft_content` (`id`, `elementId`, `locale`, `title`, `field_body`, `field_poster`, `dateCreated`, `dateUpdated`, `uid`) VALUES ('14', '14', 'nl', 'We will be at the Ducosim convention in the Netherlands ', '<p><img src=\"{asset:13:url}\"></p><p>We will be at the Ducosim convention in Amersfoort in the Netherlands on the 19th of September.</p><p>For more information see: <a href=\"http://www.ducosim.nl/node/129#overlay-context=node/129\" target=\"_blank\">the Ducosim website</a></p>', 'Evin', '2015-09-15 14:31:35', '2015-09-18 08:55:58', '003db800-2d87-4f78-af54-f9929c887a72');
INSERT INTO `craft_content` (`id`, `elementId`, `locale`, `title`, `field_body`, `field_poster`, `dateCreated`, `dateUpdated`, `uid`) VALUES ('15', '15', 'nl', 'Inquisimunda a5 booklet', NULL, NULL, '2015-09-15 14:44:02', '2015-09-15 14:44:02', '77f4129d-e460-406e-b51b-9942bb2d5cb9');
INSERT INTO `craft_content` (`id`, `elementId`, `locale`, `title`, `field_body`, `field_poster`, `dateCreated`, `dateUpdated`, `uid`) VALUES ('16', '16', 'nl', 'Compiled Inquisimunda Rules (Old version)', '<p>The compiled Inquisimunda rules (Old version)</p><p>(designed by Dennis Biegel, current as of 8/5/11)<br></p>', NULL, '2015-09-15 14:44:11', '2015-09-15 14:58:55', 'b9fdb818-eaf2-4037-828e-baf3c5984e71');
INSERT INTO `craft_content` (`id`, `elementId`, `locale`, `title`, `field_body`, `field_poster`, `dateCreated`, `dateUpdated`, `uid`) VALUES ('17', '17', 'nl', 'Nec-Community-Edition', NULL, NULL, '2015-09-15 15:14:42', '2015-09-15 15:23:31', 'cacd46ed-460f-4634-b92e-4319c2a8fe97');
INSERT INTO `craft_content` (`id`, `elementId`, `locale`, `title`, `field_body`, `field_poster`, `dateCreated`, `dateUpdated`, `uid`) VALUES ('18', '18', 'nl', 'Necromunda Community Edititon (Large file!) May 2015 version', '<p>The Necromunda Community Edition, needed as the main game engine for Inquisimunda.</p>', NULL, '2015-09-15 15:15:51', '2015-09-15 15:23:54', '5d95c45c-1f82-42f9-a87e-35f33fcb1593');
INSERT INTO `craft_content` (`id`, `elementId`, `locale`, `title`, `field_body`, `field_poster`, `dateCreated`, `dateUpdated`, `uid`) VALUES ('20', '20', 'nl', 'BattlefleetGothicArmada-Hero', NULL, NULL, '2015-09-15 15:51:04', '2015-09-15 15:51:04', 'f09cfd29-afd3-42e4-a422-692e90c8eecc');
INSERT INTO `craft_content` (`id`, `elementId`, `locale`, `title`, `field_body`, `field_poster`, `dateCreated`, `dateUpdated`, `uid`) VALUES ('21', '21', 'nl', 'Known issue: broken images in blog posts', '<p><del>I\'m on it! :)\r\n	</del>\r\n</p><p>\r\n	<del>Fixed it!</del>\r\n</p><p>Sadly the fix for images broke the download links for the documents. The tech adepts are working on it again.</p><p><img src=\"{asset:31:url}\"><br>\r\n</p>', 'Evin', '2015-09-15 15:55:22', '2015-09-18 08:52:26', 'b15bb868-950e-491e-8f3e-db2df152c694');
INSERT INTO `craft_content` (`id`, `elementId`, `locale`, `title`, `field_body`, `field_poster`, `dateCreated`, `dateUpdated`, `uid`) VALUES ('22', '22', 'nl', 'DemoScenario', NULL, NULL, '2015-09-15 15:58:00', '2015-09-15 15:58:00', 'cf2debc6-cc95-4a92-b25d-b1b90b643a2b');
INSERT INTO `craft_content` (`id`, `elementId`, `locale`, `title`, `field_body`, `field_poster`, `dateCreated`, `dateUpdated`, `uid`) VALUES ('23', '23', 'nl', 'Stop the Summoning! A participation demo game', '<p>This scenario still needs some playtesting.</p>', NULL, '2015-09-15 15:58:30', '2015-09-30 13:46:29', 'fb5c18e6-db7b-4ace-ae0e-cdf3a23e3dd8');
INSERT INTO `craft_content` (`id`, `elementId`, `locale`, `title`, `field_body`, `field_poster`, `dateCreated`, `dateUpdated`, `uid`) VALUES ('24', '24', 'nl', 'Inquisimunda-2.0-Version-2.2', NULL, NULL, '2015-09-16 12:11:28', '2015-09-16 12:11:28', '4f254e1c-57cb-4fa0-bd0a-793bd2bf6197');
INSERT INTO `craft_content` (`id`, `elementId`, `locale`, `title`, `field_body`, `field_poster`, `dateCreated`, `dateUpdated`, `uid`) VALUES ('25', '25', 'nl', 'Inquisimunda 2.0 - version 2.2 WIP', '<p>This is the work in progress version of Inquisimunda 2.0 from the guys at <a href=\"https://yaktribe.org/community/forums/inquisimunda.41/\" target=\"_blank\">the Yaktribe Inquisimunda board</a>.</p>', NULL, '2015-09-16 12:11:36', '2015-09-20 17:26:01', 'd73302e7-12e1-4fdf-bf31-1cbe62aa699d');
INSERT INTO `craft_content` (`id`, `elementId`, `locale`, `title`, `field_body`, `field_poster`, `dateCreated`, `dateUpdated`, `uid`) VALUES ('26', '26', 'nl', 'Inquisimunda-v2.0-AdMech-Warband-1.0', NULL, NULL, '2015-09-16 12:19:09', '2015-09-16 12:19:09', 'a541a964-a68c-4656-b13e-7501ba70e837');
INSERT INTO `craft_content` (`id`, `elementId`, `locale`, `title`, `field_body`, `field_poster`, `dateCreated`, `dateUpdated`, `uid`) VALUES ('27', '27', 'nl', 'Adeptus Mechanicus', '<p>The 1.0 version of the new Adeptus Mechanicus warband!</p>', NULL, '2015-09-16 12:19:18', '2015-09-20 17:24:35', '658e31cb-6740-40b6-ae6f-1b3ef46d262e');
INSERT INTO `craft_content` (`id`, `elementId`, `locale`, `title`, `field_body`, `field_poster`, `dateCreated`, `dateUpdated`, `uid`) VALUES ('28', '28', 'nl', NULL, NULL, NULL, '2015-09-16 13:10:54', '2015-09-16 15:09:30', 'ca32ff2f-b294-4879-9e81-6508325fcf62');
INSERT INTO `craft_content` (`id`, `elementId`, `locale`, `title`, `field_body`, `field_poster`, `dateCreated`, `dateUpdated`, `uid`) VALUES ('29', '29', 'nl', 'retinue header', NULL, NULL, '2015-09-16 13:23:30', '2015-09-16 13:23:30', '7ac87ff8-57f2-450a-9cec-2ebcca18a1a4');
INSERT INTO `craft_content` (`id`, `elementId`, `locale`, `title`, `field_body`, `field_poster`, `dateCreated`, `dateUpdated`, `uid`) VALUES ('30', '30', 'nl', 'LibrariumInquisimunda', NULL, NULL, '2015-09-16 15:09:20', '2015-09-16 15:09:20', 'a3156115-2da0-4ee6-acde-de6cff5f7069');
INSERT INTO `craft_content` (`id`, `elementId`, `locale`, `title`, `field_body`, `field_poster`, `dateCreated`, `dateUpdated`, `uid`) VALUES ('31', '31', 'nl', 'tech priest by winterhall', NULL, NULL, '2015-09-16 17:18:21', '2015-09-16 17:18:21', '767b3233-467a-4171-8591-60c50bfe74b9');
INSERT INTO `craft_content` (`id`, `elementId`, `locale`, `title`, `field_body`, `field_poster`, `dateCreated`, `dateUpdated`, `uid`) VALUES ('32', '32', 'nl', 'Inquisimunda-Mutant-Mobs-draft', NULL, NULL, '2015-09-17 11:01:29', '2015-09-17 11:01:29', '853e65c6-b85c-4206-9059-be30d23f27a4');
INSERT INTO `craft_content` (`id`, `elementId`, `locale`, `title`, `field_body`, `field_poster`, `dateCreated`, `dateUpdated`, `uid`) VALUES ('33', '33', 'nl', 'Mutant Mob - Inquisimunda 2.0 draft', '<p>The Inquisimunda 2.0 draft version of the Mutant Mob.</p>', NULL, '2015-09-17 11:01:48', '2015-09-20 17:25:21', 'd063fa2b-3cc7-47b1-ac90-c628f6df3898');
INSERT INTO `craft_content` (`id`, `elementId`, `locale`, `title`, `field_body`, `field_poster`, `dateCreated`, `dateUpdated`, `uid`) VALUES ('34', '34', 'nl', 'Inquisimunda-v2.0-Arbites-Expuragtors-Warband-1.0', NULL, NULL, '2015-09-17 15:53:24', '2015-09-17 15:53:24', '81dd946b-54c4-4805-9efe-a89efe0cdaef');
INSERT INTO `craft_content` (`id`, `elementId`, `locale`, `title`, `field_body`, `field_poster`, `dateCreated`, `dateUpdated`, `uid`) VALUES ('35', '35', 'nl', 'Arbites/Expurgators', '<p>Adeptus Arbites / Expurgators warband.</p>', NULL, '2015-09-17 15:55:42', '2015-09-20 17:24:11', 'f671b746-3f13-4865-b2bb-613f2e6a684d');
INSERT INTO `craft_content` (`id`, `elementId`, `locale`, `title`, `field_body`, `field_poster`, `dateCreated`, `dateUpdated`, `uid`) VALUES ('36', '36', 'nl', '12006727 10153236170258215 1954393402 o', NULL, NULL, '2015-09-18 09:01:18', '2015-09-18 09:01:18', '05dc7f80-dd31-41bb-b196-06c20f16b7c1');
INSERT INTO `craft_content` (`id`, `elementId`, `locale`, `title`, `field_body`, `field_poster`, `dateCreated`, `dateUpdated`, `uid`) VALUES ('37', '37', 'nl', '12015383 10153236170153215 392725206 o', NULL, NULL, '2015-09-18 09:01:33', '2015-09-18 09:01:33', '3e269e52-e399-4678-b4d7-554b89dfe87a');
INSERT INTO `craft_content` (`id`, `elementId`, `locale`, `title`, `field_body`, `field_poster`, `dateCreated`, `dateUpdated`, `uid`) VALUES ('38', '38', 'nl', '12022193 10153236170338215 514675662 o', NULL, NULL, '2015-09-18 09:01:36', '2015-09-18 09:01:36', '8edb2aea-c4a1-4c5d-bc21-bad19e075d47');
INSERT INTO `craft_content` (`id`, `elementId`, `locale`, `title`, `field_body`, `field_poster`, `dateCreated`, `dateUpdated`, `uid`) VALUES ('39', '39', 'nl', 'Elevated walkways for our games.', '<p>A few months ago I made three elevated walkways as a prototype for our games. With the Ducosim convention coming up I made another three, and two crossways. Here are some pictures.</p><p><br></p><p><img src=\"{asset:36:url}\"><br></p><p><img src=\"{asset:37:url}\"><br></p><p><img src=\"{asset:38:url}\"><br></p>', 'Evin', '2015-09-18 09:01:49', '2015-09-18 09:04:45', '2f1f7921-fe0c-436c-8a1a-095d856f7388');
INSERT INTO `craft_content` (`id`, `elementId`, `locale`, `title`, `field_body`, `field_poster`, `dateCreated`, `dateUpdated`, `uid`) VALUES ('40', '40', 'nl', NULL, NULL, NULL, '2015-09-18 09:23:39', '2015-09-18 09:30:29', '8c27ef11-2d75-4ea2-9828-35d493e1e7ef');
INSERT INTO `craft_content` (`id`, `elementId`, `locale`, `title`, `field_body`, `field_poster`, `dateCreated`, `dateUpdated`, `uid`) VALUES ('41', '41', 'nl', 'Inquisimunda-Chaos-Coven', NULL, NULL, '2015-09-20 17:10:23', '2015-09-20 17:10:23', '7c146556-47be-4b70-adc1-ea5e3842f417');
INSERT INTO `craft_content` (`id`, `elementId`, `locale`, `title`, `field_body`, `field_poster`, `dateCreated`, `dateUpdated`, `uid`) VALUES ('42', '42', 'nl', 'Chaos Coven', '<p>The 2.0 Chaos Coven</p>', NULL, '2015-09-20 17:10:33', '2015-09-20 17:10:33', 'accdbfad-efe6-4f8d-84ae-469dcbac87ce');
INSERT INTO `craft_content` (`id`, `elementId`, `locale`, `title`, `field_body`, `field_poster`, `dateCreated`, `dateUpdated`, `uid`) VALUES ('43', '43', 'nl', 'Inquisimunda-Dark-Eldar-Raiders', NULL, NULL, '2015-09-20 17:11:12', '2015-09-20 17:11:12', '790410af-c445-4e9e-aa1f-a1a266e3e1f9');
INSERT INTO `craft_content` (`id`, `elementId`, `locale`, `title`, `field_body`, `field_poster`, `dateCreated`, `dateUpdated`, `uid`) VALUES ('44', '44', 'nl', 'Dark Eldar Raider', '<p>The 2.0 Dark Eldar Raiders</p>', NULL, '2015-09-20 17:11:26', '2015-09-20 17:20:13', 'c93c0c63-258c-4a6d-b944-58acf82f2c84');
INSERT INTO `craft_content` (`id`, `elementId`, `locale`, `title`, `field_body`, `field_poster`, `dateCreated`, `dateUpdated`, `uid`) VALUES ('45', '45', 'nl', 'inquisimunda-Ecclesiarchal-Delegation', NULL, NULL, '2015-09-20 17:12:11', '2015-09-20 17:12:11', '477a0e4f-202b-4bf3-814e-bb37941e654a');
INSERT INTO `craft_content` (`id`, `elementId`, `locale`, `title`, `field_body`, `field_poster`, `dateCreated`, `dateUpdated`, `uid`) VALUES ('46', '46', 'nl', 'Ecclesiarchal Delegation', '<p>The 2.0 Ecclesiarchal Delegation</p>', NULL, '2015-09-20 17:12:17', '2015-09-20 17:20:26', '59e64e9d-6029-434e-887a-2418895567a6');
INSERT INTO `craft_content` (`id`, `elementId`, `locale`, `title`, `field_body`, `field_poster`, `dateCreated`, `dateUpdated`, `uid`) VALUES ('47', '47', 'nl', 'Inquisimunda-Eldar-Strike-Force', NULL, NULL, '2015-09-20 17:12:47', '2015-09-20 17:12:47', '66122ba7-3d0d-41f8-b585-f3dc552c1b6b');
INSERT INTO `craft_content` (`id`, `elementId`, `locale`, `title`, `field_body`, `field_poster`, `dateCreated`, `dateUpdated`, `uid`) VALUES ('48', '48', 'nl', 'Eldar Strike Force', '<p>The 2.0 Eldar Strike Force</p>', NULL, '2015-09-20 17:12:56', '2015-09-20 17:21:08', '4b777e4c-2242-494f-9854-1ffa9f488869');
INSERT INTO `craft_content` (`id`, `elementId`, `locale`, `title`, `field_body`, `field_poster`, `dateCreated`, `dateUpdated`, `uid`) VALUES ('49', '49', 'nl', 'Inquisimunda-Imperial-guard', NULL, NULL, '2015-09-20 17:13:35', '2015-09-20 17:13:35', '4e9959ec-b917-4c39-9d6a-5d4555c856c8');
INSERT INTO `craft_content` (`id`, `elementId`, `locale`, `title`, `field_body`, `field_poster`, `dateCreated`, `dateUpdated`, `uid`) VALUES ('50', '50', 'nl', 'Imperial Guard', '<p>The 2.0 Imperial Guard</p>', NULL, '2015-09-20 17:13:38', '2015-09-20 17:21:34', '2dba058c-6548-4a5e-9918-489a33ee04b4');
INSERT INTO `craft_content` (`id`, `elementId`, `locale`, `title`, `field_body`, `field_poster`, `dateCreated`, `dateUpdated`, `uid`) VALUES ('51', '51', 'nl', 'Inquisimunda-Mutant-Mobs', NULL, NULL, '2015-09-20 17:14:13', '2015-09-20 17:14:13', '2cfd28e0-f84a-452a-a026-51a180d81766');
INSERT INTO `craft_content` (`id`, `elementId`, `locale`, `title`, `field_body`, `field_poster`, `dateCreated`, `dateUpdated`, `uid`) VALUES ('52', '52', 'nl', 'Mutant Mobs', '<p>The 2.0 Mutant Mobs</p>', NULL, '2015-09-20 17:14:31', '2015-09-20 17:21:54', 'e815b99b-f6d9-4500-81b9-bcaf88682f51');
INSERT INTO `craft_content` (`id`, `elementId`, `locale`, `title`, `field_body`, `field_poster`, `dateCreated`, `dateUpdated`, `uid`) VALUES ('53', '53', 'nl', 'Inquisimunda-Nobilists', NULL, NULL, '2015-09-20 17:14:58', '2015-09-20 17:14:58', '82687707-397e-4b61-b55d-9e8fedf9a48c');
INSERT INTO `craft_content` (`id`, `elementId`, `locale`, `title`, `field_body`, `field_poster`, `dateCreated`, `dateUpdated`, `uid`) VALUES ('54', '54', 'nl', 'Nobilists', '<p>The 2.0 Nobilists</p>', NULL, '2015-09-20 17:15:04', '2015-09-20 17:22:21', 'c94ca5a4-d046-4eb5-9dad-8259a7a64d9f');
INSERT INTO `craft_content` (`id`, `elementId`, `locale`, `title`, `field_body`, `field_poster`, `dateCreated`, `dateUpdated`, `uid`) VALUES ('55', '55', 'nl', 'Inquisimunda-Rogue-Traders', NULL, NULL, '2015-09-20 17:15:55', '2015-09-20 17:15:55', 'bac9a7c4-ac0c-439d-bec0-e41af20192ec');
INSERT INTO `craft_content` (`id`, `elementId`, `locale`, `title`, `field_body`, `field_poster`, `dateCreated`, `dateUpdated`, `uid`) VALUES ('56', '56', 'nl', 'Rogue Traders', '<p>The 2.0 Rogue Traders</p>', NULL, '2015-09-20 17:16:02', '2015-09-20 17:22:37', '14b7b9b5-d040-4d62-b0e3-80ed72720f3d');
INSERT INTO `craft_content` (`id`, `elementId`, `locale`, `title`, `field_body`, `field_poster`, `dateCreated`, `dateUpdated`, `uid`) VALUES ('57', '57', 'nl', 'Inquisimunda-Underworld-Elements', NULL, NULL, '2015-09-20 17:16:17', '2015-09-20 17:16:17', '92a8cf5f-c5a5-471d-8eaf-8154267e2741');
INSERT INTO `craft_content` (`id`, `elementId`, `locale`, `title`, `field_body`, `field_poster`, `dateCreated`, `dateUpdated`, `uid`) VALUES ('58', '58', 'nl', 'Underworld Elements', '<p>The 2.0 Underworld Elemenets</p>', NULL, '2015-09-20 17:16:32', '2015-09-20 17:23:11', '01ba00ae-a6ac-46ac-93e7-42d635972b65');
INSERT INTO `craft_content` (`id`, `elementId`, `locale`, `title`, `field_body`, `field_poster`, `dateCreated`, `dateUpdated`, `uid`) VALUES ('59', '59', 'nl', 'Inquisimunda-Void-Pirates', NULL, NULL, '2015-09-20 17:16:46', '2015-09-20 17:16:46', '10824097-77b4-4ad7-abec-f26bf9e6d9af');
INSERT INTO `craft_content` (`id`, `elementId`, `locale`, `title`, `field_body`, `field_poster`, `dateCreated`, `dateUpdated`, `uid`) VALUES ('60', '60', 'nl', 'Void Pirates', '<p>The 2.0 Void Pirates</p>', NULL, '2015-09-20 17:16:56', '2015-09-20 17:19:25', '81e2363f-d3a4-41df-8b57-634b73ec8ff1');
INSERT INTO `craft_content` (`id`, `elementId`, `locale`, `title`, `field_body`, `field_poster`, `dateCreated`, `dateUpdated`, `uid`) VALUES ('61', '61', 'nl', 'Inquisimunda-Rulesv2', NULL, NULL, '2015-09-20 17:19:06', '2015-09-20 17:19:06', 'ea85e03a-b40c-4d0d-b8e8-9b51411002fe');
INSERT INTO `craft_content` (`id`, `elementId`, `locale`, `title`, `field_body`, `field_poster`, `dateCreated`, `dateUpdated`, `uid`) VALUES ('62', '62', 'nl', 'Inquisimunda 2.0', '<p>The long awaited 2.0 rules!</p>', NULL, '2015-09-20 17:19:10', '2015-09-20 17:19:10', '2df20030-294b-4aa4-8fd2-980fe2577196');
INSERT INTO `craft_content` (`id`, `elementId`, `locale`, `title`, `field_body`, `field_poster`, `dateCreated`, `dateUpdated`, `uid`) VALUES ('63', '63', 'nl', 'LOGO PNG', NULL, NULL, '2015-09-21 08:56:50', '2015-09-21 08:56:50', '2856bcd6-ec1e-4462-949f-f10e8a12e0de');
INSERT INTO `craft_content` (`id`, `elementId`, `locale`, `title`, `field_body`, `field_poster`, `dateCreated`, `dateUpdated`, `uid`) VALUES ('64', '64', 'nl', '12002993 10153630423157065 7986407149139096624 n', NULL, NULL, '2015-09-21 11:32:54', '2015-09-21 19:44:00', '8586becc-e0e7-4b00-9880-77164ac34bb4');
INSERT INTO `craft_content` (`id`, `elementId`, `locale`, `title`, `field_body`, `field_poster`, `dateCreated`, `dateUpdated`, `uid`) VALUES ('65', '65', 'nl', '12003919 10153630424137065 9217478305041731219 n', NULL, NULL, '2015-09-21 11:33:16', '2015-09-21 19:44:01', 'a7277cfe-cde9-4820-a20a-af78a4b11199');
INSERT INTO `craft_content` (`id`, `elementId`, `locale`, `title`, `field_body`, `field_poster`, `dateCreated`, `dateUpdated`, `uid`) VALUES ('66', '66', 'nl', '12011224 10153237834728215 1948319228865289552 n', NULL, NULL, '2015-09-21 11:33:17', '2015-09-21 19:44:02', '95494b32-e4f5-4db5-910d-183357301a27');
INSERT INTO `craft_content` (`id`, `elementId`, `locale`, `title`, `field_body`, `field_poster`, `dateCreated`, `dateUpdated`, `uid`) VALUES ('67', '67', 'nl', '12039672 10153630425297065 5451765559760142166 n', NULL, NULL, '2015-09-21 11:33:17', '2015-09-21 19:43:55', 'a0a6364f-9e0f-43ae-a5ae-2cafac2523fc');
INSERT INTO `craft_content` (`id`, `elementId`, `locale`, `title`, `field_body`, `field_poster`, `dateCreated`, `dateUpdated`, `uid`) VALUES ('68', '68', 'nl', '12042763 10153630425587065 6387726420392682275 n', NULL, NULL, '2015-09-21 11:33:18', '2015-09-21 19:43:55', '0f414a87-de2a-42a4-87b9-1fba31be6860');
INSERT INTO `craft_content` (`id`, `elementId`, `locale`, `title`, `field_body`, `field_poster`, `dateCreated`, `dateUpdated`, `uid`) VALUES ('69', '69', 'nl', '12046801 10153630424817065 8353527883281864560 n', NULL, NULL, '2015-09-21 11:33:19', '2015-09-21 19:43:56', 'e911a094-ac59-45cb-9555-9069d5af3dae');
INSERT INTO `craft_content` (`id`, `elementId`, `locale`, `title`, `field_body`, `field_poster`, `dateCreated`, `dateUpdated`, `uid`) VALUES ('70', '70', 'nl', '12049336 10153630425642065 6815637889187930470 n', NULL, NULL, '2015-09-21 11:33:20', '2015-09-21 19:43:57', '1124eb55-4001-4974-b00f-adc2b35d841f');
INSERT INTO `craft_content` (`id`, `elementId`, `locale`, `title`, `field_body`, `field_poster`, `dateCreated`, `dateUpdated`, `uid`) VALUES ('71', '71', 'nl', '12049591 10153630423282065 1674135899943054734 n', NULL, NULL, '2015-09-21 11:33:20', '2015-09-21 19:43:57', 'e370a3f8-4f18-46eb-9bbe-6b91592607a3');
INSERT INTO `craft_content` (`id`, `elementId`, `locale`, `title`, `field_body`, `field_poster`, `dateCreated`, `dateUpdated`, `uid`) VALUES ('72', '72', 'nl', 'Pics from the Ducosim convention', '<p>Last saturday was a blast! Together with Manoah, Rik and Johan I hosted a demo of Inquisimunda at the Ducosim convention in Amersfoort, the Netherlands. We met a lot of old friends, and a lot of people took a look at our board! At least one person was very interested in playing the game as well, and by chance he lives about 10km for my local gaming place. Here are some pictures taken by Johan and Manoah.</p><p><img src=\"{asset:82:url}\"></p><p><img src=\"{asset:83:url}\"></p><p><img src=\"{asset:84:url}\"></p><p><img src=\"{asset:85:url}\"></p><p><img src=\"{asset:64:url}\"></p><p><img src=\"{asset:65:url}\"></p><p><img src=\"{asset:88:url}\"></p><p><img src=\"{asset:89:url}\"></p><p><img src=\"{asset:66:url}\"></p><p><img src=\"{asset:91:url}\"></p><p><img src=\"{asset:92:url}\"></p><p><img src=\"{asset:93:url}\"></p><p><img src=\"{asset:94:url}\"></p><p><img src=\"{asset:95:url}\"></p><p><img src=\"{asset:73:url}\"></p><p><img src=\"{asset:74:url}\"></p><p><img src=\"{asset:75:url}\"></p><p><img src=\"{asset:67:url}\"></p><p><img src=\"{asset:68:url}\"></p><p><img src=\"{asset:69:url}\"></p><p><img src=\"{asset:79:url}\"></p><p><img src=\"{asset:70:url}\"></p><p><img src=\"{asset:71:url}\"><br></p>', 'Evin', '2015-09-21 11:33:40', '2015-09-21 19:45:18', '12a42cc3-0834-400d-a6da-3c7ea434216c');
INSERT INTO `craft_content` (`id`, `elementId`, `locale`, `title`, `field_body`, `field_poster`, `dateCreated`, `dateUpdated`, `uid`) VALUES ('73', '73', 'nl', '12038053 10154365422605620 1971820420733108130 n', NULL, NULL, '2015-09-21 19:31:57', '2015-09-21 19:43:53', '8a5831ff-e7bb-4384-b20d-2de7d8a636cc');
INSERT INTO `craft_content` (`id`, `elementId`, `locale`, `title`, `field_body`, `field_poster`, `dateCreated`, `dateUpdated`, `uid`) VALUES ('74', '74', 'nl', '12038138 10154365421570620 7389783216060554138 n', NULL, NULL, '2015-09-21 19:31:58', '2015-09-21 19:43:54', 'c5c2fddc-9155-451f-9628-3c8d88414fb4');
INSERT INTO `craft_content` (`id`, `elementId`, `locale`, `title`, `field_body`, `field_poster`, `dateCreated`, `dateUpdated`, `uid`) VALUES ('75', '75', 'nl', '12039577 10154365423390620 3508536508873955241 n', NULL, NULL, '2015-09-21 19:31:59', '2015-09-21 19:43:54', '2d1d653f-5a52-4f20-874b-83092eb42268');
INSERT INTO `craft_content` (`id`, `elementId`, `locale`, `title`, `field_body`, `field_poster`, `dateCreated`, `dateUpdated`, `uid`) VALUES ('79', '79', 'nl', '12047186 10154365422670620 2583865523578194221 n', NULL, NULL, '2015-09-21 19:32:02', '2015-09-21 19:43:56', '9a9830e6-4e2f-455c-bae1-a13270707eb3');
INSERT INTO `craft_content` (`id`, `elementId`, `locale`, `title`, `field_body`, `field_poster`, `dateCreated`, `dateUpdated`, `uid`) VALUES ('82', '82', 'nl', '11150579 10154365421405620 9079176359177344691 n', NULL, NULL, '2015-09-21 19:32:05', '2015-09-21 19:43:58', '98ba0a03-8927-4e95-8555-498d87d15f9e');
INSERT INTO `craft_content` (`id`, `elementId`, `locale`, `title`, `field_body`, `field_poster`, `dateCreated`, `dateUpdated`, `uid`) VALUES ('83', '83', 'nl', '11215191 10154365421390620 8016077754600752452 n', NULL, NULL, '2015-09-21 19:32:06', '2015-09-21 19:43:58', '4aae0ba9-427c-49c7-b038-ef0423de6bbe');
INSERT INTO `craft_content` (`id`, `elementId`, `locale`, `title`, `field_body`, `field_poster`, `dateCreated`, `dateUpdated`, `uid`) VALUES ('84', '84', 'nl', '11221698 10154365422540620 8514179231561763776 n', NULL, NULL, '2015-09-21 19:32:07', '2015-09-21 19:43:59', 'afaf4c46-1a29-4c81-8f2e-45e7de2c15f5');
INSERT INTO `craft_content` (`id`, `elementId`, `locale`, `title`, `field_body`, `field_poster`, `dateCreated`, `dateUpdated`, `uid`) VALUES ('85', '85', 'nl', '12002793 10154365421915620 7556023316626556016 n', NULL, NULL, '2015-09-21 19:32:08', '2015-09-21 19:44:00', '7c9cbf6b-ee76-41cf-8af2-629579e04e5e');
INSERT INTO `craft_content` (`id`, `elementId`, `locale`, `title`, `field_body`, `field_poster`, `dateCreated`, `dateUpdated`, `uid`) VALUES ('88', '88', 'nl', '12004801 10154365423035620 2918634485674177421 n', NULL, NULL, '2015-09-21 19:32:10', '2015-09-21 19:44:01', 'aa3693dd-02d4-45c1-ba59-d46450ff6f2d');
INSERT INTO `craft_content` (`id`, `elementId`, `locale`, `title`, `field_body`, `field_poster`, `dateCreated`, `dateUpdated`, `uid`) VALUES ('89', '89', 'nl', '12006355 10154365421615620 4452502907032839143 n', NULL, NULL, '2015-09-21 19:32:11', '2015-09-21 19:44:02', 'ccf2bc6e-f91b-45eb-aee5-b1fdabd0eb20');
INSERT INTO `craft_content` (`id`, `elementId`, `locale`, `title`, `field_body`, `field_poster`, `dateCreated`, `dateUpdated`, `uid`) VALUES ('91', '91', 'nl', '12011285 10154365421575620 5107976291133834792 n', NULL, NULL, '2015-09-21 19:32:13', '2015-09-21 19:44:03', 'c5f28b4d-ddc3-4c79-8722-8b26b56a6475');
INSERT INTO `craft_content` (`id`, `elementId`, `locale`, `title`, `field_body`, `field_poster`, `dateCreated`, `dateUpdated`, `uid`) VALUES ('92', '92', 'nl', '12019860 10154365422490620 5943256199105556216 n', NULL, NULL, '2015-09-21 19:32:14', '2015-09-21 19:44:03', 'e2e762f4-b535-4427-b8f4-14c119f3acba');
INSERT INTO `craft_content` (`id`, `elementId`, `locale`, `title`, `field_body`, `field_poster`, `dateCreated`, `dateUpdated`, `uid`) VALUES ('93', '93', 'nl', '12027529 10154365423230620 627084736363998093 n', NULL, NULL, '2015-09-21 19:32:15', '2015-09-21 19:44:04', 'babfa721-db5f-43d0-99b7-4f778e00f266');
INSERT INTO `craft_content` (`id`, `elementId`, `locale`, `title`, `field_body`, `field_poster`, `dateCreated`, `dateUpdated`, `uid`) VALUES ('94', '94', 'nl', '12031997 10154365421940620 6632733186679552501 n', NULL, NULL, '2015-09-21 19:32:16', '2015-09-21 19:43:52', '8e6c8568-3b32-4e23-831d-b44fa2adafce');
INSERT INTO `craft_content` (`id`, `elementId`, `locale`, `title`, `field_body`, `field_poster`, `dateCreated`, `dateUpdated`, `uid`) VALUES ('95', '95', 'nl', '12038036 10154365422015620 7647364201727779039 n', NULL, NULL, '2015-09-21 19:32:17', '2015-09-21 19:43:53', '76af5ed7-822a-40dd-bb78-22839f69c6cc');
INSERT INTO `craft_content` (`id`, `elementId`, `locale`, `title`, `field_body`, `field_poster`, `dateCreated`, `dateUpdated`, `uid`) VALUES ('119', '119', 'nl', 'Scenario-4-The-Vindicare', NULL, NULL, '2015-09-21 20:05:08', '2015-09-30 13:45:14', 'ea24c172-f276-4962-89ad-5a5e92b53c9a');
INSERT INTO `craft_content` (`id`, `elementId`, `locale`, `title`, `field_body`, `field_poster`, `dateCreated`, `dateUpdated`, `uid`) VALUES ('120', '120', 'nl', 'The Vindicare', '<p>A Vindicare assassin is hunting you!</p>', NULL, '2015-09-21 20:05:24', '2015-09-30 13:48:29', '4ca3f9df-4ebd-4f4a-81b0-2d62e408f05b');
INSERT INTO `craft_content` (`id`, `elementId`, `locale`, `title`, `field_body`, `field_poster`, `dateCreated`, `dateUpdated`, `uid`) VALUES ('122', '122', 'nl', 'Scenario-1-Black-Chimera-Down', NULL, NULL, '2015-09-21 20:17:47', '2015-09-21 20:17:47', 'c5dfb96a-05f4-4c92-8e48-597acf765694');
INSERT INTO `craft_content` (`id`, `elementId`, `locale`, `title`, `field_body`, `field_poster`, `dateCreated`, `dateUpdated`, `uid`) VALUES ('124', '124', 'nl', 'About', '<p>On this site I will collect all the Inquisimunda documents I can find, as well as post my work on warbands, scenario\'s and terrain. The Inquisimunda rules are fan-made adoptations on Games Workshop\'s Necromunda.</p><p>Many thanks go to Jeremy who hosts the Inquisimunda 1.0 files on <a href=\"http://empireofghosts.blogspot.nl/p/inquisimunda-resources.html\" target=\"_blank\">http://empireofghosts.blogspot.nl/p/inquisimunda-resources.html</a>, as well as to the community on <a href=\"https://yaktribe.org/community/forums/inquisimunda.41/\" target=\"_blank\">Yaktribe.org</a> who work on the Inquisimunda 2.0 rules.</p>', NULL, '2015-09-22 13:36:59', '2015-09-22 14:15:47', '66f2de19-6861-41e8-b9e1-0a975067af0d');
INSERT INTO `craft_content` (`id`, `elementId`, `locale`, `title`, `field_body`, `field_poster`, `dateCreated`, `dateUpdated`, `uid`) VALUES ('125', '125', 'nl', 'Warband', NULL, NULL, '2015-09-23 08:32:51', '2015-09-23 08:32:51', '03e2ed65-41ba-44b8-9919-df4e20607101');
INSERT INTO `craft_content` (`id`, `elementId`, `locale`, `title`, `field_body`, `field_poster`, `dateCreated`, `dateUpdated`, `uid`) VALUES ('126', '126', 'nl', 'The Inquisition Cell I used at the Ducosim', '<p><img src=\"{asset:125:url}\">\r\n</p>', 'Evin', '2015-09-23 08:32:58', '2015-09-29 14:37:44', '74e6bdcf-65c6-4dcc-a742-a9cf7a1489ff');
INSERT INTO `craft_content` (`id`, `elementId`, `locale`, `title`, `field_body`, `field_poster`, `dateCreated`, `dateUpdated`, `uid`) VALUES ('127', '127', 'nl', 'Scenario-The-Heretek', NULL, NULL, '2015-09-29 14:22:02', '2015-09-29 14:22:02', '1bf9d2bc-75dc-4035-8dbb-1dd5cf3b6bdf');
INSERT INTO `craft_content` (`id`, `elementId`, `locale`, `title`, `field_body`, `field_poster`, `dateCreated`, `dateUpdated`, `uid`) VALUES ('128', '128', 'nl', 'The Heretek', '<p><i>Hereteks are fallen tech-priest who no longer adhere to the teachings of the Cult Mechanicus, instead pursuing dark technologies. One such Heretek has settled in an old abandoned Manufactorum, gathering who knows what foul technology and knowledge. Your warband plans on striking the Manufactorum and killing the Heretek. However, initial reconnaissance of the area shows the Heretek is accompanied by some of his servitors.</i></p>', NULL, '2015-09-29 14:22:08', '2015-09-29 14:22:08', 'f3f90495-65ca-44ea-b94e-6744f9672553');
INSERT INTO `craft_content` (`id`, `elementId`, `locale`, `title`, `field_body`, `field_poster`, `dateCreated`, `dateUpdated`, `uid`) VALUES ('129', '129', 'nl', '99bugs', NULL, NULL, '2015-09-29 16:22:10', '2015-09-29 16:22:10', '87e68bcf-0d37-46b7-b597-a4c2478386c2');
INSERT INTO `craft_content` (`id`, `elementId`, `locale`, `title`, `field_body`, `field_poster`, `dateCreated`, `dateUpdated`, `uid`) VALUES ('130', '130', 'nl', 'Working on the image viewer', '<p><img src=\"{asset:129:url}\"></p>', 'Evin', '2015-09-29 16:22:20', '2015-09-29 16:22:20', '26611cc8-cb83-4ed4-a5ea-3498e96e1066');
INSERT INTO `craft_content` (`id`, `elementId`, `locale`, `title`, `field_body`, `field_poster`, `dateCreated`, `dateUpdated`, `uid`) VALUES ('131', '131', 'nl', 'Scenario-2-Through-the-Fans', NULL, NULL, '2015-09-30 13:19:06', '2015-09-30 13:19:06', '7d3b173d-472b-49e9-b152-cb3036b72f06');
INSERT INTO `craft_content` (`id`, `elementId`, `locale`, `title`, `field_body`, `field_poster`, `dateCreated`, `dateUpdated`, `uid`) VALUES ('132', '132', 'nl', 'Scenario-3-Out-of-the-Dark', NULL, NULL, '2015-09-30 13:33:52', '2015-09-30 13:33:52', '72f39ac6-95bc-4b6a-8e48-64d3ed21f6e7');
INSERT INTO `craft_content` (`id`, `elementId`, `locale`, `title`, `field_body`, `field_poster`, `dateCreated`, `dateUpdated`, `uid`) VALUES ('134', '134', 'nl', 'Scenario-4-The-Vindicare 1', NULL, NULL, '2015-09-30 13:48:20', '2015-09-30 13:48:20', '50ec0cb2-7e5a-4e71-9eb2-881259489bc3');
INSERT INTO `craft_content` (`id`, `elementId`, `locale`, `title`, `field_body`, `field_poster`, `dateCreated`, `dateUpdated`, `uid`) VALUES ('135', '135', 'nl', 'Scenario-Gang-Fight', NULL, NULL, '2015-10-11 10:24:27', '2015-10-11 10:24:27', '9c25e1c2-588f-4380-a88a-acca5f7a58ec');
INSERT INTO `craft_content` (`id`, `elementId`, `locale`, `title`, `field_body`, `field_poster`, `dateCreated`, `dateUpdated`, `uid`) VALUES ('136', '136', 'nl', 'Gang Fight', '<p><i>Gangs run the risk of encountering rivals as they explore the ruined Underhive landscape. Not all encounters end in violence. Sometimes two gangs meet and, finding no good reason to fight, go their own way. Other encounters end in bloody fire-fights, with neither side prepared to give way. Ultimately, every gang must be prepared to defend itself, to protect friends and family in the wastes, or simply maintain the respect of its trading contracts and rivals.</i><br></p><p>This is the original Gang Fight scenario from the Necromunda 2nd edition book.</p>', NULL, '2015-10-11 10:25:13', '2015-10-11 10:25:13', 'e262e225-6ffe-4361-9ff6-e5dfe0c763bb');
INSERT INTO `craft_content` (`id`, `elementId`, `locale`, `title`, `field_body`, `field_poster`, `dateCreated`, `dateUpdated`, `uid`) VALUES ('137', '137', 'nl', 'Scenario-Scavengers', NULL, NULL, '2015-10-13 13:26:02', '2015-10-13 13:26:02', 'ad0df359-60de-48bc-8f3e-af795192379f');
INSERT INTO `craft_content` (`id`, `elementId`, `locale`, `title`, `field_body`, `field_poster`, `dateCreated`, `dateUpdated`, `uid`) VALUES ('138', '138', 'nl', 'Scavengers', '<p><i>The deep Underhive is a maze of ancient and abandoned ruins, concealed entrances and long forgotten domes. Sometimes these contain priceless archeotech, gems, precious mutant fungi and other valuable items which can be scavenged from the depths. Treasure hunting is not without risk though, and those isolated places can be home to ferocious mutant creatures.</i><br></p><p>This is the original Gang Fight scenario from the Necromunda 2nd edition book.</p>', NULL, '2015-10-13 13:26:06', '2015-10-13 13:26:06', '80a2a557-aab1-4465-83ad-7c941ca705e8');
INSERT INTO `craft_content` (`id`, `elementId`, `locale`, `title`, `field_body`, `field_poster`, `dateCreated`, `dateUpdated`, `uid`) VALUES ('139', '139', 'nl', 'Scenario-The-Safehouse', NULL, NULL, '2015-10-15 15:02:18', '2015-10-15 15:02:18', 'fe959c2f-bc84-4ca5-9b16-1f916f99d241');
INSERT INTO `craft_content` (`id`, `elementId`, `locale`, `title`, `field_body`, `field_poster`, `dateCreated`, `dateUpdated`, `uid`) VALUES ('140', '140', 'nl', 'The Safe House', '<p><i>Life is dangerous in the 41th millennium, and many organisation maintain safe houses for their agents. These can be ornate mansions, fit for imperial dignitaries, or little more than slums hidden away in some dark neighbourhood. Most safe houses are guarded secrets, for what is a safe house which is known to your enemies?</i></p>', NULL, '2015-10-15 15:02:26', '2015-10-15 15:02:26', '024c9a46-559b-450b-852e-afb5303b385a');



DROP TABLE IF EXISTS `craft_deprecationerrors`;


--
-- Schema for table `craft_deprecationerrors`
--
CREATE TABLE `craft_deprecationerrors` (
  `id` int(11) NOT NULL AUTO_INCREMENT,
  `key` varchar(255) COLLATE utf8_unicode_ci NOT NULL,
  `fingerprint` varchar(255) COLLATE utf8_unicode_ci NOT NULL,
  `lastOccurrence` datetime NOT NULL,
  `file` varchar(255) COLLATE utf8_unicode_ci NOT NULL,
  `line` smallint(6) unsigned NOT NULL,
  `class` varchar(255) COLLATE utf8_unicode_ci DEFAULT NULL,
  `method` varchar(255) COLLATE utf8_unicode_ci DEFAULT NULL,
  `template` varchar(255) COLLATE utf8_unicode_ci DEFAULT NULL,
  `templateLine` smallint(6) unsigned DEFAULT NULL,
  `message` varchar(255) COLLATE utf8_unicode_ci DEFAULT NULL,
  `traces` text COLLATE utf8_unicode_ci,
  `dateCreated` datetime NOT NULL,
  `dateUpdated` datetime NOT NULL,
  `uid` char(36) COLLATE utf8_unicode_ci NOT NULL DEFAULT '0',
  PRIMARY KEY (`id`),
  UNIQUE KEY `craft_deprecationerrors_key_fingerprint_unq_idx` (`key`,`fingerprint`)
) ENGINE=InnoDB DEFAULT CHARSET=utf8 COLLATE=utf8_unicode_ci;

DROP TABLE IF EXISTS `craft_elements`;


--
-- Schema for table `craft_elements`
--
CREATE TABLE `craft_elements` (
  `id` int(11) NOT NULL AUTO_INCREMENT,
  `type` varchar(150) COLLATE utf8_unicode_ci NOT NULL,
  `enabled` tinyint(1) unsigned NOT NULL DEFAULT '1',
  `archived` tinyint(1) unsigned NOT NULL DEFAULT '0',
  `dateCreated` datetime NOT NULL,
  `dateUpdated` datetime NOT NULL,
  `uid` char(36) COLLATE utf8_unicode_ci NOT NULL DEFAULT '0',
  PRIMARY KEY (`id`),
  KEY `craft_elements_type_idx` (`type`),
  KEY `craft_elements_enabled_idx` (`enabled`),
  KEY `craft_elements_archived_dateCreated_idx` (`archived`,`dateCreated`)
) ENGINE=InnoDB AUTO_INCREMENT=141 DEFAULT CHARSET=utf8 COLLATE=utf8_unicode_ci;

--
-- Data for table `craft_elements`
--

INSERT INTO `craft_elements` (`id`, `type`, `enabled`, `archived`, `dateCreated`, `dateUpdated`, `uid`) VALUES ('1', 'User', '1', '0', '2015-09-15 12:10:55', '2015-09-18 17:50:58', '8e1fab28-39d1-4d0d-adb1-5cd1295e96d3');
INSERT INTO `craft_elements` (`id`, `type`, `enabled`, `archived`, `dateCreated`, `dateUpdated`, `uid`) VALUES ('2', 'Entry', '1', '0', '2015-09-15 12:10:56', '2015-10-15 14:54:47', 'a7eb4d8a-03ac-4333-84b5-000962d24100');
INSERT INTO `craft_elements` (`id`, `type`, `enabled`, `archived`, `dateCreated`, `dateUpdated`, `uid`) VALUES ('4', 'Entry', '1', '0', '2015-09-15 13:30:08', '2015-09-18 08:55:49', 'd995790e-80a0-4b96-b5fb-71b450769de9');
INSERT INTO `craft_elements` (`id`, `type`, `enabled`, `archived`, `dateCreated`, `dateUpdated`, `uid`) VALUES ('5', 'Entry', '1', '0', '2015-09-15 13:32:05', '2015-09-21 20:17:56', 'd39d600b-bcb6-4137-863c-1a7e2cec7d8e');
INSERT INTO `craft_elements` (`id`, `type`, `enabled`, `archived`, `dateCreated`, `dateUpdated`, `uid`) VALUES ('6', 'Asset', '1', '0', '2015-09-15 13:39:07', '2015-09-15 13:39:07', 'eed3936f-fa4b-45f2-a938-f1188f7bb593');
INSERT INTO `craft_elements` (`id`, `type`, `enabled`, `archived`, `dateCreated`, `dateUpdated`, `uid`) VALUES ('7', 'Asset', '1', '0', '2015-09-15 14:02:05', '2015-09-15 14:02:05', 'ef3d40d7-ff09-42a7-b4b2-49953955741f');
INSERT INTO `craft_elements` (`id`, `type`, `enabled`, `archived`, `dateCreated`, `dateUpdated`, `uid`) VALUES ('8', 'Entry', '1', '0', '2015-09-15 14:02:15', '2015-09-30 13:19:16', 'c1d6793d-c470-46c8-8e61-c37e964c13a7');
INSERT INTO `craft_elements` (`id`, `type`, `enabled`, `archived`, `dateCreated`, `dateUpdated`, `uid`) VALUES ('9', 'Asset', '1', '0', '2015-09-15 14:04:17', '2015-09-15 14:04:17', '719c5ef4-03c2-47cd-8a23-ac3b6ce08f97');
INSERT INTO `craft_elements` (`id`, `type`, `enabled`, `archived`, `dateCreated`, `dateUpdated`, `uid`) VALUES ('10', 'Entry', '1', '0', '2015-09-15 14:04:21', '2015-09-30 13:44:57', '4fda5c82-cac2-46c0-a084-f91f63df5142');
INSERT INTO `craft_elements` (`id`, `type`, `enabled`, `archived`, `dateCreated`, `dateUpdated`, `uid`) VALUES ('11', 'Asset', '1', '0', '2015-09-15 14:15:12', '2015-09-15 14:15:12', '11453e43-e628-4ab2-915c-4c90a06aaee2');
INSERT INTO `craft_elements` (`id`, `type`, `enabled`, `archived`, `dateCreated`, `dateUpdated`, `uid`) VALUES ('12', 'Entry', '1', '0', '2015-09-15 14:15:20', '2015-09-20 17:24:54', 'dd16c837-bd0d-428c-80bb-3b06e3242aae');
INSERT INTO `craft_elements` (`id`, `type`, `enabled`, `archived`, `dateCreated`, `dateUpdated`, `uid`) VALUES ('13', 'Asset', '1', '0', '2015-09-15 14:29:15', '2015-09-15 14:29:15', 'c2e2655d-ae42-4e3c-b2d5-a393bf9276c5');
INSERT INTO `craft_elements` (`id`, `type`, `enabled`, `archived`, `dateCreated`, `dateUpdated`, `uid`) VALUES ('14', 'Entry', '1', '0', '2015-09-15 14:31:35', '2015-09-18 08:55:58', 'b9b75177-c695-4375-829f-3d29862868b5');
INSERT INTO `craft_elements` (`id`, `type`, `enabled`, `archived`, `dateCreated`, `dateUpdated`, `uid`) VALUES ('15', 'Asset', '1', '0', '2015-09-15 14:44:02', '2015-09-15 14:44:02', '92d9ab6f-2ab1-489d-9825-56d443b6bc4a');
INSERT INTO `craft_elements` (`id`, `type`, `enabled`, `archived`, `dateCreated`, `dateUpdated`, `uid`) VALUES ('16', 'Entry', '1', '0', '2015-09-15 14:44:11', '2015-09-15 14:58:55', '7624972e-ef12-4aa3-a559-f41695a6fec5');
INSERT INTO `craft_elements` (`id`, `type`, `enabled`, `archived`, `dateCreated`, `dateUpdated`, `uid`) VALUES ('17', 'Asset', '1', '0', '2015-09-15 15:14:42', '2015-09-15 15:23:31', 'a7f0219a-8ea4-4188-8bc7-f2c3ef8738d0');
INSERT INTO `craft_elements` (`id`, `type`, `enabled`, `archived`, `dateCreated`, `dateUpdated`, `uid`) VALUES ('18', 'Entry', '1', '0', '2015-09-15 15:15:51', '2015-09-15 15:23:54', '7c37bca5-6489-4434-b9a8-f117a60c2171');
INSERT INTO `craft_elements` (`id`, `type`, `enabled`, `archived`, `dateCreated`, `dateUpdated`, `uid`) VALUES ('20', 'Asset', '1', '0', '2015-09-15 15:51:04', '2015-09-15 15:51:04', '0f4284ee-c905-4771-9d13-4269c75274b1');
INSERT INTO `craft_elements` (`id`, `type`, `enabled`, `archived`, `dateCreated`, `dateUpdated`, `uid`) VALUES ('21', 'Entry', '1', '0', '2015-09-15 15:55:22', '2015-09-18 08:52:26', 'e7808eb6-bca8-4653-b485-58652b6eda39');
INSERT INTO `craft_elements` (`id`, `type`, `enabled`, `archived`, `dateCreated`, `dateUpdated`, `uid`) VALUES ('22', 'Asset', '1', '0', '2015-09-15 15:58:00', '2015-09-15 15:58:00', '402991b4-c74c-4c87-b1b6-38c41b25118f');
INSERT INTO `craft_elements` (`id`, `type`, `enabled`, `archived`, `dateCreated`, `dateUpdated`, `uid`) VALUES ('23', 'Entry', '1', '0', '2015-09-15 15:58:30', '2015-09-30 13:46:29', 'cbc2817c-ba45-4417-8fc6-00504581f719');
INSERT INTO `craft_elements` (`id`, `type`, `enabled`, `archived`, `dateCreated`, `dateUpdated`, `uid`) VALUES ('24', 'Asset', '1', '0', '2015-09-16 12:11:28', '2015-09-16 12:11:28', '7af08ffb-31da-4e07-a4d8-f167565f5af8');
INSERT INTO `craft_elements` (`id`, `type`, `enabled`, `archived`, `dateCreated`, `dateUpdated`, `uid`) VALUES ('25', 'Entry', '0', '0', '2015-09-16 12:11:36', '2015-09-20 17:26:01', '5a37fbb4-b5f5-4f5e-a2b9-a37af736df98');
INSERT INTO `craft_elements` (`id`, `type`, `enabled`, `archived`, `dateCreated`, `dateUpdated`, `uid`) VALUES ('26', 'Asset', '1', '0', '2015-09-16 12:19:09', '2015-09-16 12:19:09', 'bed8beb5-8d56-49a7-a2f7-8cd54012aee2');
INSERT INTO `craft_elements` (`id`, `type`, `enabled`, `archived`, `dateCreated`, `dateUpdated`, `uid`) VALUES ('27', 'Entry', '1', '0', '2015-09-16 12:19:18', '2015-09-20 17:24:35', 'c7c7fd8a-a46f-487a-a930-ba75de02f491');
INSERT INTO `craft_elements` (`id`, `type`, `enabled`, `archived`, `dateCreated`, `dateUpdated`, `uid`) VALUES ('28', 'GlobalSet', '1', '0', '2015-09-16 13:10:54', '2015-09-16 15:09:30', 'e7a0253a-76a3-4b71-9ba3-eb7fdd0efec6');
INSERT INTO `craft_elements` (`id`, `type`, `enabled`, `archived`, `dateCreated`, `dateUpdated`, `uid`) VALUES ('29', 'Asset', '1', '0', '2015-09-16 13:23:30', '2015-09-16 13:23:30', '3f273cb9-3287-42c3-8992-872c763f5ad5');
INSERT INTO `craft_elements` (`id`, `type`, `enabled`, `archived`, `dateCreated`, `dateUpdated`, `uid`) VALUES ('30', 'Asset', '1', '0', '2015-09-16 15:09:20', '2015-09-16 15:09:20', '31f2b951-a1ee-46aa-957c-309545953013');
INSERT INTO `craft_elements` (`id`, `type`, `enabled`, `archived`, `dateCreated`, `dateUpdated`, `uid`) VALUES ('31', 'Asset', '1', '0', '2015-09-16 17:18:21', '2015-09-16 17:18:21', 'ad075cb4-1bde-44ca-a1fd-89a19bfd9325');
INSERT INTO `craft_elements` (`id`, `type`, `enabled`, `archived`, `dateCreated`, `dateUpdated`, `uid`) VALUES ('32', 'Asset', '1', '0', '2015-09-17 11:01:29', '2015-09-17 11:01:29', '2a8edaad-195e-48eb-844e-0bcc94e613fe');
INSERT INTO `craft_elements` (`id`, `type`, `enabled`, `archived`, `dateCreated`, `dateUpdated`, `uid`) VALUES ('33', 'Entry', '0', '0', '2015-09-17 11:01:48', '2015-09-20 17:25:21', '328fd3ea-8889-4f49-8d53-3a97bc55579d');
INSERT INTO `craft_elements` (`id`, `type`, `enabled`, `archived`, `dateCreated`, `dateUpdated`, `uid`) VALUES ('34', 'Asset', '1', '0', '2015-09-17 15:53:24', '2015-09-17 15:53:24', '73d19557-c455-4c91-9f52-dbcf11fb93ff');
INSERT INTO `craft_elements` (`id`, `type`, `enabled`, `archived`, `dateCreated`, `dateUpdated`, `uid`) VALUES ('35', 'Entry', '1', '0', '2015-09-17 15:55:42', '2015-09-20 17:24:11', 'bb50fc59-095b-4247-9a92-2fc09d15d78e');
INSERT INTO `craft_elements` (`id`, `type`, `enabled`, `archived`, `dateCreated`, `dateUpdated`, `uid`) VALUES ('36', 'Asset', '1', '0', '2015-09-18 09:01:18', '2015-09-18 09:01:18', '78d61caf-936c-4b00-b144-a29ffd076f71');
INSERT INTO `craft_elements` (`id`, `type`, `enabled`, `archived`, `dateCreated`, `dateUpdated`, `uid`) VALUES ('37', 'Asset', '1', '0', '2015-09-18 09:01:33', '2015-09-18 09:01:33', '00e416cc-4e39-43c5-a7c8-331b3f9a18b8');
INSERT INTO `craft_elements` (`id`, `type`, `enabled`, `archived`, `dateCreated`, `dateUpdated`, `uid`) VALUES ('38', 'Asset', '1', '0', '2015-09-18 09:01:36', '2015-09-18 09:01:36', 'cdf1c283-3183-4f0f-8af6-46dad1b87fa2');
INSERT INTO `craft_elements` (`id`, `type`, `enabled`, `archived`, `dateCreated`, `dateUpdated`, `uid`) VALUES ('39', 'Entry', '1', '0', '2015-09-18 09:01:49', '2015-09-18 09:04:45', '7cada931-2146-40b5-8c7f-63a31f6ee632');
INSERT INTO `craft_elements` (`id`, `type`, `enabled`, `archived`, `dateCreated`, `dateUpdated`, `uid`) VALUES ('40', 'Comments_Comment', '1', '0', '2015-09-18 09:23:39', '2015-09-18 09:30:29', '4315905e-f1a9-421f-8798-0677fe8aed97');
INSERT INTO `craft_elements` (`id`, `type`, `enabled`, `archived`, `dateCreated`, `dateUpdated`, `uid`) VALUES ('41', 'Asset', '1', '0', '2015-09-20 17:10:23', '2015-09-20 17:10:23', 'a35962cf-e585-4e39-ad5f-673ec55ba9d7');
INSERT INTO `craft_elements` (`id`, `type`, `enabled`, `archived`, `dateCreated`, `dateUpdated`, `uid`) VALUES ('42', 'Entry', '1', '0', '2015-09-20 17:10:32', '2015-09-20 17:10:32', '0c09abe1-1d37-4cc3-8fda-d32ee58bf824');
INSERT INTO `craft_elements` (`id`, `type`, `enabled`, `archived`, `dateCreated`, `dateUpdated`, `uid`) VALUES ('43', 'Asset', '1', '0', '2015-09-20 17:11:12', '2015-09-20 17:11:12', 'a3d20473-ee59-4952-8e47-7ab88f628a74');
INSERT INTO `craft_elements` (`id`, `type`, `enabled`, `archived`, `dateCreated`, `dateUpdated`, `uid`) VALUES ('44', 'Entry', '1', '0', '2015-09-20 17:11:26', '2015-09-20 17:20:13', '856cc303-c239-4105-a9ef-6f2693cfd459');
INSERT INTO `craft_elements` (`id`, `type`, `enabled`, `archived`, `dateCreated`, `dateUpdated`, `uid`) VALUES ('45', 'Asset', '1', '0', '2015-09-20 17:12:11', '2015-09-20 17:12:11', '51211a99-a5e6-4486-8960-053b2e1a6d88');
INSERT INTO `craft_elements` (`id`, `type`, `enabled`, `archived`, `dateCreated`, `dateUpdated`, `uid`) VALUES ('46', 'Entry', '1', '0', '2015-09-20 17:12:17', '2015-09-20 17:20:26', '839eaf40-b0c0-4092-b6a0-28c5263f397d');
INSERT INTO `craft_elements` (`id`, `type`, `enabled`, `archived`, `dateCreated`, `dateUpdated`, `uid`) VALUES ('47', 'Asset', '1', '0', '2015-09-20 17:12:47', '2015-09-20 17:12:47', '51a6732c-2ba6-4997-90fc-df90220575a7');
INSERT INTO `craft_elements` (`id`, `type`, `enabled`, `archived`, `dateCreated`, `dateUpdated`, `uid`) VALUES ('48', 'Entry', '1', '0', '2015-09-20 17:12:56', '2015-09-20 17:21:08', '2e1d95af-f372-4204-a65d-208aa523448e');
INSERT INTO `craft_elements` (`id`, `type`, `enabled`, `archived`, `dateCreated`, `dateUpdated`, `uid`) VALUES ('49', 'Asset', '1', '0', '2015-09-20 17:13:35', '2015-09-20 17:13:35', 'bdb2e606-92ea-40f3-8283-a6229e5fe4cb');
INSERT INTO `craft_elements` (`id`, `type`, `enabled`, `archived`, `dateCreated`, `dateUpdated`, `uid`) VALUES ('50', 'Entry', '1', '0', '2015-09-20 17:13:38', '2015-09-20 17:21:34', '3165e56f-5215-421f-a029-b03ef086bf17');
INSERT INTO `craft_elements` (`id`, `type`, `enabled`, `archived`, `dateCreated`, `dateUpdated`, `uid`) VALUES ('51', 'Asset', '1', '0', '2015-09-20 17:14:13', '2015-09-20 17:14:13', '2a13c439-eadd-4c80-b70b-5374da8f3d45');
INSERT INTO `craft_elements` (`id`, `type`, `enabled`, `archived`, `dateCreated`, `dateUpdated`, `uid`) VALUES ('52', 'Entry', '1', '0', '2015-09-20 17:14:31', '2015-09-20 17:21:54', '5d705e89-de74-417e-a47e-3e11abb130c2');
INSERT INTO `craft_elements` (`id`, `type`, `enabled`, `archived`, `dateCreated`, `dateUpdated`, `uid`) VALUES ('53', 'Asset', '1', '0', '2015-09-20 17:14:58', '2015-09-20 17:14:58', '26c4af23-6d8a-4333-8784-3dff79cf5ba7');
INSERT INTO `craft_elements` (`id`, `type`, `enabled`, `archived`, `dateCreated`, `dateUpdated`, `uid`) VALUES ('54', 'Entry', '1', '0', '2015-09-20 17:15:04', '2015-09-20 17:22:21', '30c9d8a2-6b38-4473-967c-8ed1e3044df8');
INSERT INTO `craft_elements` (`id`, `type`, `enabled`, `archived`, `dateCreated`, `dateUpdated`, `uid`) VALUES ('55', 'Asset', '1', '0', '2015-09-20 17:15:55', '2015-09-20 17:15:55', 'cc7f90b3-0a86-454b-8f28-91550cd3305f');
INSERT INTO `craft_elements` (`id`, `type`, `enabled`, `archived`, `dateCreated`, `dateUpdated`, `uid`) VALUES ('56', 'Entry', '1', '0', '2015-09-20 17:16:02', '2015-09-20 17:22:37', 'a9898e5b-9448-4ec6-86a1-a1f7a453ba31');
INSERT INTO `craft_elements` (`id`, `type`, `enabled`, `archived`, `dateCreated`, `dateUpdated`, `uid`) VALUES ('57', 'Asset', '1', '0', '2015-09-20 17:16:17', '2015-09-20 17:16:17', '1709f1da-0ef6-489f-9d6c-719c70595fb0');
INSERT INTO `craft_elements` (`id`, `type`, `enabled`, `archived`, `dateCreated`, `dateUpdated`, `uid`) VALUES ('58', 'Entry', '1', '0', '2015-09-20 17:16:32', '2015-09-20 17:23:11', 'd25f7b17-e862-4287-8350-55ee6d60741e');
INSERT INTO `craft_elements` (`id`, `type`, `enabled`, `archived`, `dateCreated`, `dateUpdated`, `uid`) VALUES ('59', 'Asset', '1', '0', '2015-09-20 17:16:46', '2015-09-20 17:16:46', '1c322543-2146-437f-a1e0-e8ff15666535');
INSERT INTO `craft_elements` (`id`, `type`, `enabled`, `archived`, `dateCreated`, `dateUpdated`, `uid`) VALUES ('60', 'Entry', '1', '0', '2015-09-20 17:16:56', '2015-09-20 17:19:25', 'ae8d2e05-f9ba-4fba-86ce-f086cf392a2f');
INSERT INTO `craft_elements` (`id`, `type`, `enabled`, `archived`, `dateCreated`, `dateUpdated`, `uid`) VALUES ('61', 'Asset', '1', '0', '2015-09-20 17:19:06', '2015-09-20 17:19:06', 'e18f2ff8-de15-4eea-8fde-75c7204a4bc8');
INSERT INTO `craft_elements` (`id`, `type`, `enabled`, `archived`, `dateCreated`, `dateUpdated`, `uid`) VALUES ('62', 'Entry', '1', '0', '2015-09-20 17:19:10', '2015-09-20 17:19:10', '46d83c09-1dae-4e19-95b4-093ef42a23b7');
INSERT INTO `craft_elements` (`id`, `type`, `enabled`, `archived`, `dateCreated`, `dateUpdated`, `uid`) VALUES ('63', 'Asset', '1', '0', '2015-09-21 08:56:50', '2015-09-21 08:56:50', '64abe3df-eb17-4015-b921-9354fa48edc4');
INSERT INTO `craft_elements` (`id`, `type`, `enabled`, `archived`, `dateCreated`, `dateUpdated`, `uid`) VALUES ('64', 'Asset', '1', '0', '2015-09-21 11:32:54', '2015-09-21 19:44:00', '8ee86920-1414-4bcd-9b35-ac91ead0db7f');
INSERT INTO `craft_elements` (`id`, `type`, `enabled`, `archived`, `dateCreated`, `dateUpdated`, `uid`) VALUES ('65', 'Asset', '1', '0', '2015-09-21 11:33:16', '2015-09-21 19:44:01', 'a3a7ca0d-fd95-43ce-9c7b-000d053c3a7f');
INSERT INTO `craft_elements` (`id`, `type`, `enabled`, `archived`, `dateCreated`, `dateUpdated`, `uid`) VALUES ('66', 'Asset', '1', '0', '2015-09-21 11:33:17', '2015-09-21 19:44:02', 'b78fcf27-1d56-48ca-b993-88ab202c1db5');
INSERT INTO `craft_elements` (`id`, `type`, `enabled`, `archived`, `dateCreated`, `dateUpdated`, `uid`) VALUES ('67', 'Asset', '1', '0', '2015-09-21 11:33:17', '2015-09-21 19:43:55', '5e3968b7-9355-4c08-8430-b8d78b7151fb');
INSERT INTO `craft_elements` (`id`, `type`, `enabled`, `archived`, `dateCreated`, `dateUpdated`, `uid`) VALUES ('68', 'Asset', '1', '0', '2015-09-21 11:33:18', '2015-09-21 19:43:55', '63fe8d22-e260-423a-af91-39199c3df8b1');
INSERT INTO `craft_elements` (`id`, `type`, `enabled`, `archived`, `dateCreated`, `dateUpdated`, `uid`) VALUES ('69', 'Asset', '1', '0', '2015-09-21 11:33:19', '2015-09-21 19:43:56', '2a9f73ba-a0a6-4936-8b71-6417540f4345');
INSERT INTO `craft_elements` (`id`, `type`, `enabled`, `archived`, `dateCreated`, `dateUpdated`, `uid`) VALUES ('70', 'Asset', '1', '0', '2015-09-21 11:33:20', '2015-09-21 19:43:57', '35e8396f-6f10-4930-80a9-8c4ee332db8e');
INSERT INTO `craft_elements` (`id`, `type`, `enabled`, `archived`, `dateCreated`, `dateUpdated`, `uid`) VALUES ('71', 'Asset', '1', '0', '2015-09-21 11:33:20', '2015-09-21 19:43:57', 'f9e38099-6118-4011-b61b-2a49edea5642');
INSERT INTO `craft_elements` (`id`, `type`, `enabled`, `archived`, `dateCreated`, `dateUpdated`, `uid`) VALUES ('72', 'Entry', '1', '0', '2015-09-21 11:33:40', '2015-09-21 19:45:18', 'ce94f39d-f26c-4a2a-9072-176e7fe5ccd3');
INSERT INTO `craft_elements` (`id`, `type`, `enabled`, `archived`, `dateCreated`, `dateUpdated`, `uid`) VALUES ('73', 'Asset', '1', '0', '2015-09-21 19:31:57', '2015-09-21 19:43:53', '67128539-fa7f-4b74-9e31-b003357d1889');
INSERT INTO `craft_elements` (`id`, `type`, `enabled`, `archived`, `dateCreated`, `dateUpdated`, `uid`) VALUES ('74', 'Asset', '1', '0', '2015-09-21 19:31:58', '2015-09-21 19:43:54', '35b4c9e8-c578-4a44-8df4-0e20b45f9607');
INSERT INTO `craft_elements` (`id`, `type`, `enabled`, `archived`, `dateCreated`, `dateUpdated`, `uid`) VALUES ('75', 'Asset', '1', '0', '2015-09-21 19:31:59', '2015-09-21 19:43:54', '30de9682-2d5b-468a-a0f9-31cd8e9e158d');
INSERT INTO `craft_elements` (`id`, `type`, `enabled`, `archived`, `dateCreated`, `dateUpdated`, `uid`) VALUES ('79', 'Asset', '1', '0', '2015-09-21 19:32:02', '2015-09-21 19:43:56', 'c9f51946-e978-4bf7-a3db-91dd5785763b');
INSERT INTO `craft_elements` (`id`, `type`, `enabled`, `archived`, `dateCreated`, `dateUpdated`, `uid`) VALUES ('82', 'Asset', '1', '0', '2015-09-21 19:32:05', '2015-09-21 19:43:58', '3403e90e-5f04-46bc-a874-2c214bdbaf52');
INSERT INTO `craft_elements` (`id`, `type`, `enabled`, `archived`, `dateCreated`, `dateUpdated`, `uid`) VALUES ('83', 'Asset', '1', '0', '2015-09-21 19:32:06', '2015-09-21 19:43:58', '8d20850c-f4d3-4512-aa10-602d0a241aca');
INSERT INTO `craft_elements` (`id`, `type`, `enabled`, `archived`, `dateCreated`, `dateUpdated`, `uid`) VALUES ('84', 'Asset', '1', '0', '2015-09-21 19:32:07', '2015-09-21 19:43:59', '3bcf455a-84de-4e98-91b3-eb27594d3a6c');
INSERT INTO `craft_elements` (`id`, `type`, `enabled`, `archived`, `dateCreated`, `dateUpdated`, `uid`) VALUES ('85', 'Asset', '1', '0', '2015-09-21 19:32:08', '2015-09-21 19:44:00', 'ac604b63-d8d7-4a7d-9bdf-390cd93f2759');
INSERT INTO `craft_elements` (`id`, `type`, `enabled`, `archived`, `dateCreated`, `dateUpdated`, `uid`) VALUES ('88', 'Asset', '1', '0', '2015-09-21 19:32:10', '2015-09-21 19:44:01', '3d8764a3-d37b-4c62-9832-1f1da81f76de');
INSERT INTO `craft_elements` (`id`, `type`, `enabled`, `archived`, `dateCreated`, `dateUpdated`, `uid`) VALUES ('89', 'Asset', '1', '0', '2015-09-21 19:32:11', '2015-09-21 19:44:02', 'c1a3adfa-278f-4935-8643-542e4964f269');
INSERT INTO `craft_elements` (`id`, `type`, `enabled`, `archived`, `dateCreated`, `dateUpdated`, `uid`) VALUES ('91', 'Asset', '1', '0', '2015-09-21 19:32:13', '2015-09-21 19:44:03', '6c847fcc-271d-43e3-8c08-02c0ea398460');
INSERT INTO `craft_elements` (`id`, `type`, `enabled`, `archived`, `dateCreated`, `dateUpdated`, `uid`) VALUES ('92', 'Asset', '1', '0', '2015-09-21 19:32:14', '2015-09-21 19:44:03', '1cafe2bf-d7a6-4ee7-b9e2-1a46eacaa6fa');
INSERT INTO `craft_elements` (`id`, `type`, `enabled`, `archived`, `dateCreated`, `dateUpdated`, `uid`) VALUES ('93', 'Asset', '1', '0', '2015-09-21 19:32:15', '2015-09-21 19:44:04', 'a120e025-97c5-407f-abed-60637a6dcbae');
INSERT INTO `craft_elements` (`id`, `type`, `enabled`, `archived`, `dateCreated`, `dateUpdated`, `uid`) VALUES ('94', 'Asset', '1', '0', '2015-09-21 19:32:16', '2015-09-21 19:43:52', 'f5c5fa80-542a-40c2-b5cd-1c22926347c3');
INSERT INTO `craft_elements` (`id`, `type`, `enabled`, `archived`, `dateCreated`, `dateUpdated`, `uid`) VALUES ('95', 'Asset', '1', '0', '2015-09-21 19:32:17', '2015-09-21 19:43:53', '9df184de-a09e-4ac3-adec-cbad683465e2');
INSERT INTO `craft_elements` (`id`, `type`, `enabled`, `archived`, `dateCreated`, `dateUpdated`, `uid`) VALUES ('119', 'Asset', '1', '0', '2015-09-21 20:05:08', '2015-09-30 13:45:14', '1b133939-5bc1-46e2-8772-081554d7ef81');
INSERT INTO `craft_elements` (`id`, `type`, `enabled`, `archived`, `dateCreated`, `dateUpdated`, `uid`) VALUES ('120', 'Entry', '1', '0', '2015-09-21 20:05:24', '2015-09-30 13:48:29', 'dfed8b22-e16b-4420-ab2b-cff69525936e');
INSERT INTO `craft_elements` (`id`, `type`, `enabled`, `archived`, `dateCreated`, `dateUpdated`, `uid`) VALUES ('122', 'Asset', '1', '0', '2015-09-21 20:17:47', '2015-09-21 20:17:47', '5e4fdcf9-34e6-4f0f-aabe-a2d341c09787');
INSERT INTO `craft_elements` (`id`, `type`, `enabled`, `archived`, `dateCreated`, `dateUpdated`, `uid`) VALUES ('124', 'Entry', '1', '0', '2015-09-22 13:36:59', '2015-09-22 14:15:47', '72f4740b-1fba-41bb-9b67-b80198a75e24');
INSERT INTO `craft_elements` (`id`, `type`, `enabled`, `archived`, `dateCreated`, `dateUpdated`, `uid`) VALUES ('125', 'Asset', '1', '0', '2015-09-23 08:32:51', '2015-09-23 08:32:51', '2f670aeb-3bc2-49b9-a46f-c197f5b82e42');
INSERT INTO `craft_elements` (`id`, `type`, `enabled`, `archived`, `dateCreated`, `dateUpdated`, `uid`) VALUES ('126', 'Entry', '1', '0', '2015-09-23 08:32:58', '2015-09-29 14:37:44', '13b4f93c-b83f-4d78-bf94-1689af355d4b');
INSERT INTO `craft_elements` (`id`, `type`, `enabled`, `archived`, `dateCreated`, `dateUpdated`, `uid`) VALUES ('127', 'Asset', '1', '0', '2015-09-29 14:22:02', '2015-09-29 14:22:02', '03f54b2c-6fc5-449a-95d8-8ab5b350ae62');
INSERT INTO `craft_elements` (`id`, `type`, `enabled`, `archived`, `dateCreated`, `dateUpdated`, `uid`) VALUES ('128', 'Entry', '1', '0', '2015-09-29 14:22:08', '2015-09-29 14:22:08', 'fe5ecad0-7cd0-4b98-abf8-ad06f0c25470');
INSERT INTO `craft_elements` (`id`, `type`, `enabled`, `archived`, `dateCreated`, `dateUpdated`, `uid`) VALUES ('129', 'Asset', '1', '0', '2015-09-29 16:22:10', '2015-09-29 16:22:10', 'e0195c8a-f531-4259-84b0-cdcabe2cfd7b');
INSERT INTO `craft_elements` (`id`, `type`, `enabled`, `archived`, `dateCreated`, `dateUpdated`, `uid`) VALUES ('130', 'Entry', '1', '0', '2015-09-29 16:22:20', '2015-09-29 16:22:20', '49fa5c53-b74f-472b-8611-4bd39edc89ea');
INSERT INTO `craft_elements` (`id`, `type`, `enabled`, `archived`, `dateCreated`, `dateUpdated`, `uid`) VALUES ('131', 'Asset', '1', '0', '2015-09-30 13:19:06', '2015-09-30 13:19:06', '4aff7572-381f-415f-b13d-e7117b01e8a2');
INSERT INTO `craft_elements` (`id`, `type`, `enabled`, `archived`, `dateCreated`, `dateUpdated`, `uid`) VALUES ('132', 'Asset', '1', '0', '2015-09-30 13:33:52', '2015-09-30 13:33:52', '928a79a7-c95e-4d57-8ec9-d861d9afadc9');
INSERT INTO `craft_elements` (`id`, `type`, `enabled`, `archived`, `dateCreated`, `dateUpdated`, `uid`) VALUES ('134', 'Asset', '1', '0', '2015-09-30 13:48:20', '2015-09-30 13:48:20', '8f3be281-c7a9-4568-ae4b-20f2ab4f8657');
INSERT INTO `craft_elements` (`id`, `type`, `enabled`, `archived`, `dateCreated`, `dateUpdated`, `uid`) VALUES ('135', 'Asset', '1', '0', '2015-10-11 10:24:27', '2015-10-11 10:24:27', '9630601f-c523-4a34-9a7e-72e442db9baa');
INSERT INTO `craft_elements` (`id`, `type`, `enabled`, `archived`, `dateCreated`, `dateUpdated`, `uid`) VALUES ('136', 'Entry', '1', '0', '2015-10-11 10:25:13', '2015-10-11 10:25:13', 'a924dc06-4f76-4ee4-96cb-8acb6ad93a7d');
INSERT INTO `craft_elements` (`id`, `type`, `enabled`, `archived`, `dateCreated`, `dateUpdated`, `uid`) VALUES ('137', 'Asset', '1', '0', '2015-10-13 13:26:02', '2015-10-13 13:26:02', 'ba9d00e4-3d76-4ca7-9ec2-82eaedea750f');
INSERT INTO `craft_elements` (`id`, `type`, `enabled`, `archived`, `dateCreated`, `dateUpdated`, `uid`) VALUES ('138', 'Entry', '1', '0', '2015-10-13 13:26:06', '2015-10-13 13:26:06', '905c03c2-4297-4c04-beb7-a097c288a67b');
INSERT INTO `craft_elements` (`id`, `type`, `enabled`, `archived`, `dateCreated`, `dateUpdated`, `uid`) VALUES ('139', 'Asset', '1', '0', '2015-10-15 15:02:18', '2015-10-15 15:02:18', 'c35e9cd3-719f-48c5-bab7-cecbe11e4a3e');
INSERT INTO `craft_elements` (`id`, `type`, `enabled`, `archived`, `dateCreated`, `dateUpdated`, `uid`) VALUES ('140', 'Entry', '1', '0', '2015-10-15 15:02:26', '2015-10-15 15:02:26', '8264a43d-4293-4fef-9100-647f3b7ad96f');



DROP TABLE IF EXISTS `craft_elements_i18n`;


--
-- Schema for table `craft_elements_i18n`
--
CREATE TABLE `craft_elements_i18n` (
  `id` int(11) NOT NULL AUTO_INCREMENT,
  `elementId` int(11) NOT NULL,
  `locale` char(12) COLLATE utf8_unicode_ci NOT NULL,
  `slug` varchar(255) COLLATE utf8_unicode_ci DEFAULT NULL,
  `uri` varchar(255) COLLATE utf8_unicode_ci DEFAULT NULL,
  `enabled` tinyint(1) unsigned NOT NULL DEFAULT '1',
  `dateCreated` datetime NOT NULL,
  `dateUpdated` datetime NOT NULL,
  `uid` char(36) COLLATE utf8_unicode_ci NOT NULL DEFAULT '0',
  PRIMARY KEY (`id`),
  UNIQUE KEY `craft_elements_i18n_elementId_locale_unq_idx` (`elementId`,`locale`),
  UNIQUE KEY `craft_elements_i18n_uri_locale_unq_idx` (`uri`,`locale`),
  KEY `craft_elements_i18n_slug_locale_idx` (`slug`,`locale`),
  KEY `craft_elements_i18n_enabled_idx` (`enabled`),
  KEY `craft_elements_i18n_locale_fk` (`locale`)
) ENGINE=InnoDB AUTO_INCREMENT=141 DEFAULT CHARSET=utf8 COLLATE=utf8_unicode_ci;

--
-- Data for table `craft_elements_i18n`
--

INSERT INTO `craft_elements_i18n` (`id`, `elementId`, `locale`, `slug`, `uri`, `enabled`, `dateCreated`, `dateUpdated`, `uid`) VALUES ('1', '1', 'nl', '', NULL, '1', '2015-09-15 12:10:55', '2015-09-18 17:50:58', 'd825d99f-29e1-4dea-9f13-337196e79e30');
INSERT INTO `craft_elements_i18n` (`id`, `elementId`, `locale`, `slug`, `uri`, `enabled`, `dateCreated`, `dateUpdated`, `uid`) VALUES ('2', '2', 'nl', 'homepage', '__home__', '1', '2015-09-15 12:10:56', '2015-10-15 14:54:47', 'a4d1c184-d04d-49e9-bd8e-4b99105bd517');
INSERT INTO `craft_elements_i18n` (`id`, `elementId`, `locale`, `slug`, `uri`, `enabled`, `dateCreated`, `dateUpdated`, `uid`) VALUES ('4', '4', 'nl', 'the-site-is-launched', 'article/2015/the-site-is-launched', '1', '2015-09-15 13:30:08', '2015-09-18 08:55:49', '23e41183-5b34-4b6c-9a80-014c018c963c');
INSERT INTO `craft_elements_i18n` (`id`, `elementId`, `locale`, `slug`, `uri`, `enabled`, `dateCreated`, `dateUpdated`, `uid`) VALUES ('5', '5', 'nl', 'black-chimera-down', 'article/2015/black-chimera-down', '1', '2015-09-15 13:32:05', '2015-09-21 20:17:56', '1a7936a1-c031-4ef3-aa95-9757f4220ec4');
INSERT INTO `craft_elements_i18n` (`id`, `elementId`, `locale`, `slug`, `uri`, `enabled`, `dateCreated`, `dateUpdated`, `uid`) VALUES ('6', '6', 'nl', 'scenario-1', NULL, '1', '2015-09-15 13:39:07', '2015-09-15 13:39:07', '1351c2e5-c709-41bc-b97f-e589b2dbfb7c');
INSERT INTO `craft_elements_i18n` (`id`, `elementId`, `locale`, `slug`, `uri`, `enabled`, `dateCreated`, `dateUpdated`, `uid`) VALUES ('7', '7', 'nl', 'scenario-2', NULL, '1', '2015-09-15 14:02:05', '2015-09-15 14:02:05', 'ff394a5c-c67e-4cd9-97f7-d39a80715ece');
INSERT INTO `craft_elements_i18n` (`id`, `elementId`, `locale`, `slug`, `uri`, `enabled`, `dateCreated`, `dateUpdated`, `uid`) VALUES ('8', '8', 'nl', 'through-the-fans', 'article/2015/through-the-fans', '1', '2015-09-15 14:02:15', '2015-09-30 13:19:16', 'f1449150-6797-4604-b342-f8628bd99b94');
INSERT INTO `craft_elements_i18n` (`id`, `elementId`, `locale`, `slug`, `uri`, `enabled`, `dateCreated`, `dateUpdated`, `uid`) VALUES ('9', '9', 'nl', 'scenario-3', NULL, '1', '2015-09-15 14:04:17', '2015-09-15 14:04:17', '3693e307-4d11-430c-98ca-4803a7f6dee9');
INSERT INTO `craft_elements_i18n` (`id`, `elementId`, `locale`, `slug`, `uri`, `enabled`, `dateCreated`, `dateUpdated`, `uid`) VALUES ('10', '10', 'nl', 'out-of-the-dark', 'article/2015/out-of-the-dark', '1', '2015-09-15 14:04:21', '2015-09-30 13:44:57', 'a8193ea6-6c93-4b25-8aca-69ada9990f4a');
INSERT INTO `craft_elements_i18n` (`id`, `elementId`, `locale`, `slug`, `uri`, `enabled`, `dateCreated`, `dateUpdated`, `uid`) VALUES ('11', '11', 'nl', 'inquisimunda-inquisition-cells-final', NULL, '1', '2015-09-15 14:15:12', '2015-09-15 14:15:12', 'ef4ac195-6b08-4837-a805-91efd3061ba2');
INSERT INTO `craft_elements_i18n` (`id`, `elementId`, `locale`, `slug`, `uri`, `enabled`, `dateCreated`, `dateUpdated`, `uid`) VALUES ('12', '12', 'nl', 'inquisition-cell', 'article/2015/inquisition-cell', '1', '2015-09-15 14:15:20', '2015-09-20 17:24:54', 'c33688d9-a0d3-4f07-b909-dadff211f0e3');
INSERT INTO `craft_elements_i18n` (`id`, `elementId`, `locale`, `slug`, `uri`, `enabled`, `dateCreated`, `dateUpdated`, `uid`) VALUES ('13', '13', 'nl', 'facebook-banner', NULL, '1', '2015-09-15 14:29:15', '2015-09-15 14:29:15', 'b5883bd1-cd16-4da4-94e4-696f0ba4f359');
INSERT INTO `craft_elements_i18n` (`id`, `elementId`, `locale`, `slug`, `uri`, `enabled`, `dateCreated`, `dateUpdated`, `uid`) VALUES ('14', '14', 'nl', 'we-will-be-at-the-ducosim-convention-in-the-netherlands', 'article/2015/we-will-be-at-the-ducosim-convention-in-the-netherlands', '1', '2015-09-15 14:31:35', '2015-09-18 08:55:58', '6852906d-bf17-464c-b6d0-91fbdcf71397');
INSERT INTO `craft_elements_i18n` (`id`, `elementId`, `locale`, `slug`, `uri`, `enabled`, `dateCreated`, `dateUpdated`, `uid`) VALUES ('15', '15', 'nl', 'inquisimunda-a5-booklet', NULL, '1', '2015-09-15 14:44:02', '2015-09-15 14:44:02', '00d6a5f1-0d38-4532-8bc4-0c7b9088dd3f');
INSERT INTO `craft_elements_i18n` (`id`, `elementId`, `locale`, `slug`, `uri`, `enabled`, `dateCreated`, `dateUpdated`, `uid`) VALUES ('16', '16', 'nl', 'compiled-inquisimunda-rules-old-version', 'article/2015/compiled-inquisimunda-rules-old-version', '1', '2015-09-15 14:44:11', '2015-09-15 14:58:55', 'c735c06d-7b4e-4d73-9e50-e703e6187724');
INSERT INTO `craft_elements_i18n` (`id`, `elementId`, `locale`, `slug`, `uri`, `enabled`, `dateCreated`, `dateUpdated`, `uid`) VALUES ('17', '17', 'nl', 'nec-community-edition', NULL, '1', '2015-09-15 15:14:42', '2015-09-15 15:23:31', 'b9465d59-2edc-424c-b60e-177e4d85d26f');
INSERT INTO `craft_elements_i18n` (`id`, `elementId`, `locale`, `slug`, `uri`, `enabled`, `dateCreated`, `dateUpdated`, `uid`) VALUES ('18', '18', 'nl', 'necromunda-community-edititon-large-file-31mb', 'article/2015/necromunda-community-edititon-large-file-31mb', '1', '2015-09-15 15:15:51', '2015-09-15 15:23:54', '5b8e6d58-f5a0-43c6-a48e-0b77a78cdd0b');
INSERT INTO `craft_elements_i18n` (`id`, `elementId`, `locale`, `slug`, `uri`, `enabled`, `dateCreated`, `dateUpdated`, `uid`) VALUES ('20', '20', 'nl', 'battlefleetgothicarmada-hero', NULL, '1', '2015-09-15 15:51:04', '2015-09-15 15:51:04', 'a7375daf-a4ec-47b7-8d94-a82ac4d126c4');
INSERT INTO `craft_elements_i18n` (`id`, `elementId`, `locale`, `slug`, `uri`, `enabled`, `dateCreated`, `dateUpdated`, `uid`) VALUES ('21', '21', 'nl', 'known-issue-broken-images-in-blog-posts', 'article/2015/known-issue-broken-images-in-blog-posts', '1', '2015-09-15 15:55:22', '2015-09-18 08:52:26', '454befdb-beb5-4e3c-aefa-3337e2c083f7');
INSERT INTO `craft_elements_i18n` (`id`, `elementId`, `locale`, `slug`, `uri`, `enabled`, `dateCreated`, `dateUpdated`, `uid`) VALUES ('22', '22', 'nl', 'demoscenario', NULL, '1', '2015-09-15 15:58:00', '2015-09-15 15:58:00', 'b1a4bc73-a1ea-41a3-865c-9cfcc4445b3d');
INSERT INTO `craft_elements_i18n` (`id`, `elementId`, `locale`, `slug`, `uri`, `enabled`, `dateCreated`, `dateUpdated`, `uid`) VALUES ('23', '23', 'nl', 'stop-the-summoning-a-participation-demo-game', 'article/2015/stop-the-summoning-a-participation-demo-game', '1', '2015-09-15 15:58:30', '2015-09-30 13:46:29', 'e179fc98-aa46-4338-ac76-ec1445ee3b19');
INSERT INTO `craft_elements_i18n` (`id`, `elementId`, `locale`, `slug`, `uri`, `enabled`, `dateCreated`, `dateUpdated`, `uid`) VALUES ('24', '24', 'nl', 'inquisimunda-2-0-version-2-2', NULL, '1', '2015-09-16 12:11:28', '2015-09-16 12:11:28', 'db12d27f-5527-4f6b-ae92-87540bf193a1');
INSERT INTO `craft_elements_i18n` (`id`, `elementId`, `locale`, `slug`, `uri`, `enabled`, `dateCreated`, `dateUpdated`, `uid`) VALUES ('25', '25', 'nl', 'inquisimunda-2-0-version-2-2-wip', 'article/2015/inquisimunda-2-0-version-2-2-wip', '1', '2015-09-16 12:11:36', '2015-09-20 17:26:01', '502c0182-d6cc-4dbb-8a46-5dfe0082c094');
INSERT INTO `craft_elements_i18n` (`id`, `elementId`, `locale`, `slug`, `uri`, `enabled`, `dateCreated`, `dateUpdated`, `uid`) VALUES ('26', '26', 'nl', 'inquisimunda-v2-0-admech-warband-1-0', NULL, '1', '2015-09-16 12:19:09', '2015-09-16 12:19:09', 'a70ec5c3-f75e-4587-9081-6472e353ba7d');
INSERT INTO `craft_elements_i18n` (`id`, `elementId`, `locale`, `slug`, `uri`, `enabled`, `dateCreated`, `dateUpdated`, `uid`) VALUES ('27', '27', 'nl', 'adeptus-mechanicus', 'article/2015/adeptus-mechanicus', '1', '2015-09-16 12:19:18', '2015-09-20 17:24:35', '727024b5-21e2-4014-bea0-e56af6facae5');
INSERT INTO `craft_elements_i18n` (`id`, `elementId`, `locale`, `slug`, `uri`, `enabled`, `dateCreated`, `dateUpdated`, `uid`) VALUES ('28', '28', 'nl', '', NULL, '1', '2015-09-16 13:10:54', '2015-09-16 15:09:30', '7441da14-deca-4972-9347-5326c5387be9');
INSERT INTO `craft_elements_i18n` (`id`, `elementId`, `locale`, `slug`, `uri`, `enabled`, `dateCreated`, `dateUpdated`, `uid`) VALUES ('29', '29', 'nl', 'retinue-header', NULL, '1', '2015-09-16 13:23:30', '2015-09-16 13:23:30', 'e1076c43-9dcb-4e33-9bf0-4777d9c17fab');
INSERT INTO `craft_elements_i18n` (`id`, `elementId`, `locale`, `slug`, `uri`, `enabled`, `dateCreated`, `dateUpdated`, `uid`) VALUES ('30', '30', 'nl', 'librariuminquisimunda', NULL, '1', '2015-09-16 15:09:20', '2015-09-16 15:09:20', 'd6e1dac8-7335-408f-83aa-8c48504dd55c');
INSERT INTO `craft_elements_i18n` (`id`, `elementId`, `locale`, `slug`, `uri`, `enabled`, `dateCreated`, `dateUpdated`, `uid`) VALUES ('31', '31', 'nl', 'tech-priest-by-winterhall', NULL, '1', '2015-09-16 17:18:21', '2015-09-16 17:18:21', 'b25d7486-baf9-4040-bd94-60cae97066d5');
INSERT INTO `craft_elements_i18n` (`id`, `elementId`, `locale`, `slug`, `uri`, `enabled`, `dateCreated`, `dateUpdated`, `uid`) VALUES ('32', '32', 'nl', 'inquisimunda-mutant-mobs-draft', NULL, '1', '2015-09-17 11:01:29', '2015-09-17 11:01:29', '7043a315-641c-461d-a44e-55710989b054');
INSERT INTO `craft_elements_i18n` (`id`, `elementId`, `locale`, `slug`, `uri`, `enabled`, `dateCreated`, `dateUpdated`, `uid`) VALUES ('33', '33', 'nl', 'mutant-mob-inquisimunda-2-0-draft', 'article/2015/mutant-mob-inquisimunda-2-0-draft', '1', '2015-09-17 11:01:49', '2015-09-20 17:25:21', '296b9607-db34-4930-8434-cc334a0435bd');
INSERT INTO `craft_elements_i18n` (`id`, `elementId`, `locale`, `slug`, `uri`, `enabled`, `dateCreated`, `dateUpdated`, `uid`) VALUES ('34', '34', 'nl', 'inquisimunda-v2-0-arbites-expuragtors-warband-1-0', NULL, '1', '2015-09-17 15:53:24', '2015-09-17 15:53:24', 'f0b4b089-11c4-4b1a-aadf-762b89e21c74');
INSERT INTO `craft_elements_i18n` (`id`, `elementId`, `locale`, `slug`, `uri`, `enabled`, `dateCreated`, `dateUpdated`, `uid`) VALUES ('35', '35', 'nl', 'arbites-expurgators', 'article/2015/arbites-expurgators', '1', '2015-09-17 15:55:42', '2015-09-20 17:24:11', 'bb1ad4e2-153f-46f5-85f4-e541d127cb05');
INSERT INTO `craft_elements_i18n` (`id`, `elementId`, `locale`, `slug`, `uri`, `enabled`, `dateCreated`, `dateUpdated`, `uid`) VALUES ('36', '36', 'nl', '12006727-10153236170258215-1954393402-o', NULL, '1', '2015-09-18 09:01:18', '2015-09-18 09:01:18', 'c1c66de0-3c3f-458c-9c5a-f66c1f65a946');
INSERT INTO `craft_elements_i18n` (`id`, `elementId`, `locale`, `slug`, `uri`, `enabled`, `dateCreated`, `dateUpdated`, `uid`) VALUES ('37', '37', 'nl', '12015383-10153236170153215-392725206-o', NULL, '1', '2015-09-18 09:01:33', '2015-09-18 09:01:33', '4d363c8c-5054-4b50-9898-b13d489945cd');
INSERT INTO `craft_elements_i18n` (`id`, `elementId`, `locale`, `slug`, `uri`, `enabled`, `dateCreated`, `dateUpdated`, `uid`) VALUES ('38', '38', 'nl', '12022193-10153236170338215-514675662-o', NULL, '1', '2015-09-18 09:01:36', '2015-09-18 09:01:36', '293ea250-616b-42c4-89ed-7e4cd5b76242');
INSERT INTO `craft_elements_i18n` (`id`, `elementId`, `locale`, `slug`, `uri`, `enabled`, `dateCreated`, `dateUpdated`, `uid`) VALUES ('39', '39', 'nl', 'elevated-walkways-for-our-games', 'article/2015/elevated-walkways-for-our-games', '1', '2015-09-18 09:01:49', '2015-09-18 09:04:45', '5a874a23-5f4b-414a-a22c-1e31e7b0d873');
INSERT INTO `craft_elements_i18n` (`id`, `elementId`, `locale`, `slug`, `uri`, `enabled`, `dateCreated`, `dateUpdated`, `uid`) VALUES ('40', '40', 'nl', '', NULL, '1', '2015-09-18 09:23:39', '2015-09-18 09:30:29', '5c78f8ec-bdbc-4ad0-ae8b-95ab78aa0e4f');
INSERT INTO `craft_elements_i18n` (`id`, `elementId`, `locale`, `slug`, `uri`, `enabled`, `dateCreated`, `dateUpdated`, `uid`) VALUES ('41', '41', 'nl', 'inquisimunda-chaos-coven', NULL, '1', '2015-09-20 17:10:23', '2015-09-20 17:10:23', '6eaebec6-b3b2-4235-8862-d761d018428d');
INSERT INTO `craft_elements_i18n` (`id`, `elementId`, `locale`, `slug`, `uri`, `enabled`, `dateCreated`, `dateUpdated`, `uid`) VALUES ('42', '42', 'nl', 'chaos-coven', 'article/2015/chaos-coven', '1', '2015-09-20 17:10:33', '2015-09-20 17:10:33', 'b061e839-1663-47ea-96fd-49ce47bf207e');
INSERT INTO `craft_elements_i18n` (`id`, `elementId`, `locale`, `slug`, `uri`, `enabled`, `dateCreated`, `dateUpdated`, `uid`) VALUES ('43', '43', 'nl', 'inquisimunda-dark-eldar-raiders', NULL, '1', '2015-09-20 17:11:12', '2015-09-20 17:11:12', '71b17c5d-915a-4399-bea7-5f6bf6e0ad50');
INSERT INTO `craft_elements_i18n` (`id`, `elementId`, `locale`, `slug`, `uri`, `enabled`, `dateCreated`, `dateUpdated`, `uid`) VALUES ('44', '44', 'nl', 'dark-eldar-raider', 'article/2015/dark-eldar-raider', '1', '2015-09-20 17:11:27', '2015-09-20 17:20:13', '6b46a758-a78c-4d04-93fc-254f5bfb2ad4');
INSERT INTO `craft_elements_i18n` (`id`, `elementId`, `locale`, `slug`, `uri`, `enabled`, `dateCreated`, `dateUpdated`, `uid`) VALUES ('45', '45', 'nl', 'inquisimunda-ecclesiarchal-delegation', NULL, '1', '2015-09-20 17:12:11', '2015-09-20 17:12:11', 'd4c5eb71-914e-44a2-bc8e-1fe0b020e975');
INSERT INTO `craft_elements_i18n` (`id`, `elementId`, `locale`, `slug`, `uri`, `enabled`, `dateCreated`, `dateUpdated`, `uid`) VALUES ('46', '46', 'nl', 'ecclesiarchal-delegation', 'article/2015/ecclesiarchal-delegation', '1', '2015-09-20 17:12:18', '2015-09-20 17:20:26', 'b5207f60-479b-48d6-a91f-88e2748cd758');
INSERT INTO `craft_elements_i18n` (`id`, `elementId`, `locale`, `slug`, `uri`, `enabled`, `dateCreated`, `dateUpdated`, `uid`) VALUES ('47', '47', 'nl', 'inquisimunda-eldar-strike-force', NULL, '1', '2015-09-20 17:12:47', '2015-09-20 17:12:47', '8d204ed5-583e-458d-b9c8-5c590459ce42');
INSERT INTO `craft_elements_i18n` (`id`, `elementId`, `locale`, `slug`, `uri`, `enabled`, `dateCreated`, `dateUpdated`, `uid`) VALUES ('48', '48', 'nl', 'eldar-strike-force', 'article/2015/eldar-strike-force', '1', '2015-09-20 17:12:56', '2015-09-20 17:21:08', '0174db01-423e-429d-946e-d06e0584deae');
INSERT INTO `craft_elements_i18n` (`id`, `elementId`, `locale`, `slug`, `uri`, `enabled`, `dateCreated`, `dateUpdated`, `uid`) VALUES ('49', '49', 'nl', 'inquisimunda-imperial-guard', NULL, '1', '2015-09-20 17:13:35', '2015-09-20 17:13:35', '719886a1-3a5a-47cd-bb45-893a621ac55e');
INSERT INTO `craft_elements_i18n` (`id`, `elementId`, `locale`, `slug`, `uri`, `enabled`, `dateCreated`, `dateUpdated`, `uid`) VALUES ('50', '50', 'nl', 'imperial-guard', 'article/2015/imperial-guard', '1', '2015-09-20 17:13:38', '2015-09-20 17:21:34', 'd7273720-8511-4e9a-951c-f89a6f4f8d55');
INSERT INTO `craft_elements_i18n` (`id`, `elementId`, `locale`, `slug`, `uri`, `enabled`, `dateCreated`, `dateUpdated`, `uid`) VALUES ('51', '51', 'nl', 'inquisimunda-mutant-mobs', NULL, '1', '2015-09-20 17:14:14', '2015-09-20 17:14:14', '969defbb-b378-4de3-ad30-e518eb6dea64');
INSERT INTO `craft_elements_i18n` (`id`, `elementId`, `locale`, `slug`, `uri`, `enabled`, `dateCreated`, `dateUpdated`, `uid`) VALUES ('52', '52', 'nl', 'mutant-mobs', 'article/2015/mutant-mobs', '1', '2015-09-20 17:14:31', '2015-09-20 17:21:54', 'a3fa7b2a-eb31-4c03-aebd-b6df763817bf');
INSERT INTO `craft_elements_i18n` (`id`, `elementId`, `locale`, `slug`, `uri`, `enabled`, `dateCreated`, `dateUpdated`, `uid`) VALUES ('53', '53', 'nl', 'inquisimunda-nobilists', NULL, '1', '2015-09-20 17:14:58', '2015-09-20 17:14:58', '24b8c1a4-df67-4352-8710-308e006d95ad');
INSERT INTO `craft_elements_i18n` (`id`, `elementId`, `locale`, `slug`, `uri`, `enabled`, `dateCreated`, `dateUpdated`, `uid`) VALUES ('54', '54', 'nl', 'nobilists', 'article/2015/nobilists', '1', '2015-09-20 17:15:04', '2015-09-20 17:22:21', '81ae2e75-6b8f-498e-85c7-cea30706696f');
INSERT INTO `craft_elements_i18n` (`id`, `elementId`, `locale`, `slug`, `uri`, `enabled`, `dateCreated`, `dateUpdated`, `uid`) VALUES ('55', '55', 'nl', 'inquisimunda-rogue-traders', NULL, '1', '2015-09-20 17:15:55', '2015-09-20 17:15:55', '2872ad5d-22ee-4e17-9c99-5729129e2750');
INSERT INTO `craft_elements_i18n` (`id`, `elementId`, `locale`, `slug`, `uri`, `enabled`, `dateCreated`, `dateUpdated`, `uid`) VALUES ('56', '56', 'nl', 'rogue-traders', 'article/2015/rogue-traders', '1', '2015-09-20 17:16:02', '2015-09-20 17:22:38', 'c456e0bf-0286-4bdb-8c2f-13ed6fe95672');
INSERT INTO `craft_elements_i18n` (`id`, `elementId`, `locale`, `slug`, `uri`, `enabled`, `dateCreated`, `dateUpdated`, `uid`) VALUES ('57', '57', 'nl', 'inquisimunda-underworld-elements', NULL, '1', '2015-09-20 17:16:17', '2015-09-20 17:16:17', 'ffc51169-2fa6-495d-b783-81e0cacf7c74');
INSERT INTO `craft_elements_i18n` (`id`, `elementId`, `locale`, `slug`, `uri`, `enabled`, `dateCreated`, `dateUpdated`, `uid`) VALUES ('58', '58', 'nl', 'underworld-elements', 'article/2015/underworld-elements', '1', '2015-09-20 17:16:32', '2015-09-20 17:23:11', '306accbe-f389-4d8d-a246-82525006e2b1');
INSERT INTO `craft_elements_i18n` (`id`, `elementId`, `locale`, `slug`, `uri`, `enabled`, `dateCreated`, `dateUpdated`, `uid`) VALUES ('59', '59', 'nl', 'inquisimunda-void-pirates', NULL, '1', '2015-09-20 17:16:46', '2015-09-20 17:16:46', '94411568-5064-4bd7-96ee-0531b57a66ba');
INSERT INTO `craft_elements_i18n` (`id`, `elementId`, `locale`, `slug`, `uri`, `enabled`, `dateCreated`, `dateUpdated`, `uid`) VALUES ('60', '60', 'nl', 'void-pirates', 'article/2015/void-pirates', '1', '2015-09-20 17:16:56', '2015-09-20 17:19:25', 'fa7affdf-1817-41a1-9d80-c91027e2e89b');
INSERT INTO `craft_elements_i18n` (`id`, `elementId`, `locale`, `slug`, `uri`, `enabled`, `dateCreated`, `dateUpdated`, `uid`) VALUES ('61', '61', 'nl', 'inquisimunda-rulesv2', NULL, '1', '2015-09-20 17:19:06', '2015-09-20 17:19:06', '0a4c98a8-5ecf-4537-9f42-f036c39e4caa');
INSERT INTO `craft_elements_i18n` (`id`, `elementId`, `locale`, `slug`, `uri`, `enabled`, `dateCreated`, `dateUpdated`, `uid`) VALUES ('62', '62', 'nl', 'inquisimunda-2-0', 'article/2015/inquisimunda-2-0', '1', '2015-09-20 17:19:10', '2015-09-20 17:19:10', 'e4a53966-eed7-46bb-a390-0ec9264d2f80');
INSERT INTO `craft_elements_i18n` (`id`, `elementId`, `locale`, `slug`, `uri`, `enabled`, `dateCreated`, `dateUpdated`, `uid`) VALUES ('63', '63', 'nl', 'logo-png', NULL, '1', '2015-09-21 08:56:50', '2015-09-21 08:56:50', '073f2ab1-3dcc-402f-9079-d0812c44d0bb');
INSERT INTO `craft_elements_i18n` (`id`, `elementId`, `locale`, `slug`, `uri`, `enabled`, `dateCreated`, `dateUpdated`, `uid`) VALUES ('64', '64', 'nl', '12002993-10153630423157065-7986407149139096624-n', NULL, '1', '2015-09-21 11:32:54', '2015-09-21 19:44:00', '7b9fdda1-7c92-40cf-bc38-af9bd8619306');
INSERT INTO `craft_elements_i18n` (`id`, `elementId`, `locale`, `slug`, `uri`, `enabled`, `dateCreated`, `dateUpdated`, `uid`) VALUES ('65', '65', 'nl', '12003919-10153630424137065-9217478305041731219-n', NULL, '1', '2015-09-21 11:33:16', '2015-09-21 19:44:01', 'edc27969-79f5-4a47-875d-1bb1bd197a01');
INSERT INTO `craft_elements_i18n` (`id`, `elementId`, `locale`, `slug`, `uri`, `enabled`, `dateCreated`, `dateUpdated`, `uid`) VALUES ('66', '66', 'nl', '12011224-10153237834728215-1948319228865289552-n', NULL, '1', '2015-09-21 11:33:17', '2015-09-21 19:44:02', '5ce02ac6-8f86-446e-8f5b-1bc988ff9110');
INSERT INTO `craft_elements_i18n` (`id`, `elementId`, `locale`, `slug`, `uri`, `enabled`, `dateCreated`, `dateUpdated`, `uid`) VALUES ('67', '67', 'nl', '12039672-10153630425297065-5451765559760142166-n', NULL, '1', '2015-09-21 11:33:17', '2015-09-21 19:43:55', 'cc23fe5c-3f39-4a7a-8d8c-21760864902f');
INSERT INTO `craft_elements_i18n` (`id`, `elementId`, `locale`, `slug`, `uri`, `enabled`, `dateCreated`, `dateUpdated`, `uid`) VALUES ('68', '68', 'nl', '12042763-10153630425587065-6387726420392682275-n', NULL, '1', '2015-09-21 11:33:18', '2015-09-21 19:43:55', '88c71c66-62a2-4e87-9d17-2f05587761af');
INSERT INTO `craft_elements_i18n` (`id`, `elementId`, `locale`, `slug`, `uri`, `enabled`, `dateCreated`, `dateUpdated`, `uid`) VALUES ('69', '69', 'nl', '12046801-10153630424817065-8353527883281864560-n', NULL, '1', '2015-09-21 11:33:19', '2015-09-21 19:43:56', '795d6c88-2b71-428d-a575-da48065ae9df');
INSERT INTO `craft_elements_i18n` (`id`, `elementId`, `locale`, `slug`, `uri`, `enabled`, `dateCreated`, `dateUpdated`, `uid`) VALUES ('70', '70', 'nl', '12049336-10153630425642065-6815637889187930470-n', NULL, '1', '2015-09-21 11:33:20', '2015-09-21 19:43:57', 'ab6d5790-96ee-4226-800e-25a953ca783c');
INSERT INTO `craft_elements_i18n` (`id`, `elementId`, `locale`, `slug`, `uri`, `enabled`, `dateCreated`, `dateUpdated`, `uid`) VALUES ('71', '71', 'nl', '12049591-10153630423282065-1674135899943054734-n', NULL, '1', '2015-09-21 11:33:20', '2015-09-21 19:43:57', '03a2438c-b262-481b-adbd-d4ddb43589f6');
INSERT INTO `craft_elements_i18n` (`id`, `elementId`, `locale`, `slug`, `uri`, `enabled`, `dateCreated`, `dateUpdated`, `uid`) VALUES ('72', '72', 'nl', 'pics-from-the-ducosim-convention', 'article/2015/pics-from-the-ducosim-convention', '1', '2015-09-21 11:33:40', '2015-09-21 19:45:18', 'c8f8d3b9-2189-49a9-b4b4-533a4cb35fae');
INSERT INTO `craft_elements_i18n` (`id`, `elementId`, `locale`, `slug`, `uri`, `enabled`, `dateCreated`, `dateUpdated`, `uid`) VALUES ('73', '73', 'nl', '12038053-10154365422605620-1971820420733108130-n', NULL, '1', '2015-09-21 19:31:58', '2015-09-21 19:43:53', '4078eb00-039a-4404-b0a4-9dd4bb2d410b');
INSERT INTO `craft_elements_i18n` (`id`, `elementId`, `locale`, `slug`, `uri`, `enabled`, `dateCreated`, `dateUpdated`, `uid`) VALUES ('74', '74', 'nl', '12038138-10154365421570620-7389783216060554138-n', NULL, '1', '2015-09-21 19:31:58', '2015-09-21 19:43:54', '741dec0f-2b4b-4711-b0f4-eaf69222918f');
INSERT INTO `craft_elements_i18n` (`id`, `elementId`, `locale`, `slug`, `uri`, `enabled`, `dateCreated`, `dateUpdated`, `uid`) VALUES ('75', '75', 'nl', '12039577-10154365423390620-3508536508873955241-n', NULL, '1', '2015-09-21 19:31:59', '2015-09-21 19:43:54', '2b221ad5-afac-44c8-a9dd-cc49d53f12e1');
INSERT INTO `craft_elements_i18n` (`id`, `elementId`, `locale`, `slug`, `uri`, `enabled`, `dateCreated`, `dateUpdated`, `uid`) VALUES ('79', '79', 'nl', '12047186-10154365422670620-2583865523578194221-n', NULL, '1', '2015-09-21 19:32:02', '2015-09-21 19:43:56', '2bc96e5d-7573-46fe-aaa9-198d702290c2');
INSERT INTO `craft_elements_i18n` (`id`, `elementId`, `locale`, `slug`, `uri`, `enabled`, `dateCreated`, `dateUpdated`, `uid`) VALUES ('82', '82', 'nl', '11150579-10154365421405620-9079176359177344691-n', NULL, '1', '2015-09-21 19:32:05', '2015-09-21 19:43:58', 'bb57ca73-53f3-419a-b3c1-1155d5a79e1e');
INSERT INTO `craft_elements_i18n` (`id`, `elementId`, `locale`, `slug`, `uri`, `enabled`, `dateCreated`, `dateUpdated`, `uid`) VALUES ('83', '83', 'nl', '11215191-10154365421390620-8016077754600752452-n', NULL, '1', '2015-09-21 19:32:06', '2015-09-21 19:43:58', 'f97112e7-1fb5-4d17-8c83-36b191da064f');
INSERT INTO `craft_elements_i18n` (`id`, `elementId`, `locale`, `slug`, `uri`, `enabled`, `dateCreated`, `dateUpdated`, `uid`) VALUES ('84', '84', 'nl', '11221698-10154365422540620-8514179231561763776-n', NULL, '1', '2015-09-21 19:32:07', '2015-09-21 19:43:59', 'fd88579d-e90b-408a-a5a5-22bee6f1efea');
INSERT INTO `craft_elements_i18n` (`id`, `elementId`, `locale`, `slug`, `uri`, `enabled`, `dateCreated`, `dateUpdated`, `uid`) VALUES ('85', '85', 'nl', '12002793-10154365421915620-7556023316626556016-n', NULL, '1', '2015-09-21 19:32:08', '2015-09-21 19:44:00', '00dd74ae-0dd7-4153-9366-5f6226fb76ec');
INSERT INTO `craft_elements_i18n` (`id`, `elementId`, `locale`, `slug`, `uri`, `enabled`, `dateCreated`, `dateUpdated`, `uid`) VALUES ('88', '88', 'nl', '12004801-10154365423035620-2918634485674177421-n', NULL, '1', '2015-09-21 19:32:10', '2015-09-21 19:44:01', '2aed9320-dfde-4ba8-9d06-40f285d47521');
INSERT INTO `craft_elements_i18n` (`id`, `elementId`, `locale`, `slug`, `uri`, `enabled`, `dateCreated`, `dateUpdated`, `uid`) VALUES ('89', '89', 'nl', '12006355-10154365421615620-4452502907032839143-n', NULL, '1', '2015-09-21 19:32:11', '2015-09-21 19:44:02', '015854ab-f254-4a78-8e14-453d9afc2260');
INSERT INTO `craft_elements_i18n` (`id`, `elementId`, `locale`, `slug`, `uri`, `enabled`, `dateCreated`, `dateUpdated`, `uid`) VALUES ('91', '91', 'nl', '12011285-10154365421575620-5107976291133834792-n', NULL, '1', '2015-09-21 19:32:13', '2015-09-21 19:44:03', '9c10ce53-9aaa-4862-a4cf-b00eff80b5d1');
INSERT INTO `craft_elements_i18n` (`id`, `elementId`, `locale`, `slug`, `uri`, `enabled`, `dateCreated`, `dateUpdated`, `uid`) VALUES ('92', '92', 'nl', '12019860-10154365422490620-5943256199105556216-n', NULL, '1', '2015-09-21 19:32:14', '2015-09-21 19:44:03', '294d9f35-87e1-4f62-ba68-95cff86cfa28');
INSERT INTO `craft_elements_i18n` (`id`, `elementId`, `locale`, `slug`, `uri`, `enabled`, `dateCreated`, `dateUpdated`, `uid`) VALUES ('93', '93', 'nl', '12027529-10154365423230620-627084736363998093-n', NULL, '1', '2015-09-21 19:32:15', '2015-09-21 19:44:04', '6c9abe06-6f0e-44f8-a407-a42db0967bf1');
INSERT INTO `craft_elements_i18n` (`id`, `elementId`, `locale`, `slug`, `uri`, `enabled`, `dateCreated`, `dateUpdated`, `uid`) VALUES ('94', '94', 'nl', '12031997-10154365421940620-6632733186679552501-n', NULL, '1', '2015-09-21 19:32:16', '2015-09-21 19:43:52', '82bf076c-7061-4447-a59d-204c9424f8a6');
INSERT INTO `craft_elements_i18n` (`id`, `elementId`, `locale`, `slug`, `uri`, `enabled`, `dateCreated`, `dateUpdated`, `uid`) VALUES ('95', '95', 'nl', '12038036-10154365422015620-7647364201727779039-n', NULL, '1', '2015-09-21 19:32:17', '2015-09-21 19:43:53', 'df35354e-3a24-4b1c-820d-6c689d311e38');
INSERT INTO `craft_elements_i18n` (`id`, `elementId`, `locale`, `slug`, `uri`, `enabled`, `dateCreated`, `dateUpdated`, `uid`) VALUES ('119', '119', 'nl', 'scenario-4-the-vindicare', NULL, '1', '2015-09-21 20:05:08', '2015-09-30 13:45:14', '8e0d194f-e138-4385-acdd-68b02cd38d11');
INSERT INTO `craft_elements_i18n` (`id`, `elementId`, `locale`, `slug`, `uri`, `enabled`, `dateCreated`, `dateUpdated`, `uid`) VALUES ('120', '120', 'nl', 'the-vindicare-work-in-progress', 'article/2015/the-vindicare-work-in-progress', '1', '2015-09-21 20:05:24', '2015-09-30 13:48:29', 'b8c6949b-d675-4ba8-b848-7b2172b1943a');
INSERT INTO `craft_elements_i18n` (`id`, `elementId`, `locale`, `slug`, `uri`, `enabled`, `dateCreated`, `dateUpdated`, `uid`) VALUES ('122', '122', 'nl', 'scenario-1-black-chimera-down', NULL, '1', '2015-09-21 20:17:47', '2015-09-21 20:17:47', '7a17fa82-e245-4e60-9386-1c97e3a24ad1');
INSERT INTO `craft_elements_i18n` (`id`, `elementId`, `locale`, `slug`, `uri`, `enabled`, `dateCreated`, `dateUpdated`, `uid`) VALUES ('124', '124', 'nl', 'about', 'about', '1', '2015-09-22 13:36:59', '2015-09-22 14:15:47', '4ce1c78d-a748-4521-bca0-afc02083a2ed');
INSERT INTO `craft_elements_i18n` (`id`, `elementId`, `locale`, `slug`, `uri`, `enabled`, `dateCreated`, `dateUpdated`, `uid`) VALUES ('125', '125', 'nl', 'warband', NULL, '1', '2015-09-23 08:32:51', '2015-09-23 08:32:51', '8c931184-310e-4a63-baf0-86b52a4405dd');
INSERT INTO `craft_elements_i18n` (`id`, `elementId`, `locale`, `slug`, `uri`, `enabled`, `dateCreated`, `dateUpdated`, `uid`) VALUES ('126', '126', 'nl', 'the-inquisition-cell-i-used-at-the-ducosim', 'article/2015/the-inquisition-cell-i-used-at-the-ducosim', '1', '2015-09-23 08:32:58', '2015-09-29 14:37:44', '1a1944ec-63d6-46dd-b48d-5f8b1e58d557');
INSERT INTO `craft_elements_i18n` (`id`, `elementId`, `locale`, `slug`, `uri`, `enabled`, `dateCreated`, `dateUpdated`, `uid`) VALUES ('127', '127', 'nl', 'scenario-the-heretek', NULL, '1', '2015-09-29 14:22:02', '2015-09-29 14:22:02', 'db837fef-645a-4dc9-984d-bb16e09f249f');
INSERT INTO `craft_elements_i18n` (`id`, `elementId`, `locale`, `slug`, `uri`, `enabled`, `dateCreated`, `dateUpdated`, `uid`) VALUES ('128', '128', 'nl', 'the-heretek', 'article/2015/the-heretek', '1', '2015-09-29 14:22:08', '2015-09-29 14:22:08', 'f4ed2d36-bc30-4873-b76b-62b8da47b073');
INSERT INTO `craft_elements_i18n` (`id`, `elementId`, `locale`, `slug`, `uri`, `enabled`, `dateCreated`, `dateUpdated`, `uid`) VALUES ('129', '129', 'nl', '99bugs', NULL, '1', '2015-09-29 16:22:10', '2015-09-29 16:22:10', '977e2d3b-21ed-4170-ae03-b3f6e7848364');
INSERT INTO `craft_elements_i18n` (`id`, `elementId`, `locale`, `slug`, `uri`, `enabled`, `dateCreated`, `dateUpdated`, `uid`) VALUES ('130', '130', 'nl', 'working-on-the-image-viewer', 'article/2015/working-on-the-image-viewer', '1', '2015-09-29 16:22:20', '2015-09-29 16:22:20', 'c0c21b1b-2401-40a3-9651-08864f022813');
INSERT INTO `craft_elements_i18n` (`id`, `elementId`, `locale`, `slug`, `uri`, `enabled`, `dateCreated`, `dateUpdated`, `uid`) VALUES ('131', '131', 'nl', 'scenario-2-through-the-fans', NULL, '1', '2015-09-30 13:19:06', '2015-09-30 13:19:06', 'cddaa350-4da1-4af9-9e36-c23d4925819b');
INSERT INTO `craft_elements_i18n` (`id`, `elementId`, `locale`, `slug`, `uri`, `enabled`, `dateCreated`, `dateUpdated`, `uid`) VALUES ('132', '132', 'nl', 'scenario-3-out-of-the-dark', NULL, '1', '2015-09-30 13:33:52', '2015-09-30 13:33:52', '2d160a45-96ef-40f2-a944-be989b1b3f27');
INSERT INTO `craft_elements_i18n` (`id`, `elementId`, `locale`, `slug`, `uri`, `enabled`, `dateCreated`, `dateUpdated`, `uid`) VALUES ('134', '134', 'nl', 'scenario-4-the-vindicare-1', NULL, '1', '2015-09-30 13:48:20', '2015-09-30 13:48:20', '9a958d79-36d0-448e-8efc-17f9ecc6cabb');
INSERT INTO `craft_elements_i18n` (`id`, `elementId`, `locale`, `slug`, `uri`, `enabled`, `dateCreated`, `dateUpdated`, `uid`) VALUES ('135', '135', 'nl', 'scenario-gang-fight', NULL, '1', '2015-10-11 10:24:27', '2015-10-11 10:24:27', '49719791-9ae7-4337-990e-87900ffeb079');
INSERT INTO `craft_elements_i18n` (`id`, `elementId`, `locale`, `slug`, `uri`, `enabled`, `dateCreated`, `dateUpdated`, `uid`) VALUES ('136', '136', 'nl', 'gang-fight', 'article/2015/gang-fight', '1', '2015-10-11 10:25:13', '2015-10-11 10:25:13', '7eaee326-a4c8-472e-972d-bb545c3e3ec6');
INSERT INTO `craft_elements_i18n` (`id`, `elementId`, `locale`, `slug`, `uri`, `enabled`, `dateCreated`, `dateUpdated`, `uid`) VALUES ('137', '137', 'nl', 'scenario-scavengers', NULL, '1', '2015-10-13 13:26:02', '2015-10-13 13:26:02', '8fdaa7d8-06b9-49fb-adad-a914b7dda02b');
INSERT INTO `craft_elements_i18n` (`id`, `elementId`, `locale`, `slug`, `uri`, `enabled`, `dateCreated`, `dateUpdated`, `uid`) VALUES ('138', '138', 'nl', 'scavengers', 'article/2015/scavengers', '1', '2015-10-13 13:26:06', '2015-10-13 13:26:06', '2d3e7556-af51-4177-8924-ca917e0e74b2');
INSERT INTO `craft_elements_i18n` (`id`, `elementId`, `locale`, `slug`, `uri`, `enabled`, `dateCreated`, `dateUpdated`, `uid`) VALUES ('139', '139', 'nl', 'scenario-the-safehouse', NULL, '1', '2015-10-15 15:02:18', '2015-10-15 15:02:18', 'eca69cba-2708-4cfb-a12c-763d746f2ada');
INSERT INTO `craft_elements_i18n` (`id`, `elementId`, `locale`, `slug`, `uri`, `enabled`, `dateCreated`, `dateUpdated`, `uid`) VALUES ('140', '140', 'nl', 'the-safe-house', 'article/2015/the-safe-house', '1', '2015-10-15 15:02:26', '2015-10-15 15:02:26', '4496648d-3425-4d72-9a84-b619d6f5a295');



DROP TABLE IF EXISTS `craft_emailmessages`;


--
-- Schema for table `craft_emailmessages`
--
CREATE TABLE `craft_emailmessages` (
  `id` int(11) NOT NULL AUTO_INCREMENT,
  `key` char(150) COLLATE utf8_unicode_ci NOT NULL,
  `locale` char(12) COLLATE utf8_unicode_ci NOT NULL,
  `subject` varchar(1000) COLLATE utf8_unicode_ci NOT NULL,
  `body` text COLLATE utf8_unicode_ci NOT NULL,
  `dateCreated` datetime NOT NULL,
  `dateUpdated` datetime NOT NULL,
  `uid` char(36) COLLATE utf8_unicode_ci NOT NULL DEFAULT '0',
  PRIMARY KEY (`id`),
  UNIQUE KEY `craft_emailmessages_key_locale_unq_idx` (`key`,`locale`),
  KEY `craft_emailmessages_locale_fk` (`locale`)
) ENGINE=InnoDB DEFAULT CHARSET=utf8 COLLATE=utf8_unicode_ci;

DROP TABLE IF EXISTS `craft_entries`;


--
-- Schema for table `craft_entries`
--
CREATE TABLE `craft_entries` (
  `id` int(11) NOT NULL,
  `sectionId` int(11) NOT NULL,
  `typeId` int(11) DEFAULT NULL,
  `authorId` int(11) DEFAULT NULL,
  `postDate` datetime DEFAULT NULL,
  `expiryDate` datetime DEFAULT NULL,
  `dateCreated` datetime NOT NULL,
  `dateUpdated` datetime NOT NULL,
  `uid` char(36) COLLATE utf8_unicode_ci NOT NULL DEFAULT '0',
  PRIMARY KEY (`id`),
  KEY `craft_entries_sectionId_idx` (`sectionId`),
  KEY `craft_entries_typeId_idx` (`typeId`),
  KEY `craft_entries_postDate_idx` (`postDate`),
  KEY `craft_entries_expiryDate_idx` (`expiryDate`),
  KEY `craft_entries_authorId_fk` (`authorId`)
) ENGINE=InnoDB DEFAULT CHARSET=utf8 COLLATE=utf8_unicode_ci;

--
-- Data for table `craft_entries`
--

INSERT INTO `craft_entries` (`id`, `sectionId`, `typeId`, `authorId`, `postDate`, `expiryDate`, `dateCreated`, `dateUpdated`, `uid`) VALUES ('2', '1', '1', NULL, '2015-09-15 12:10:56', NULL, '2015-09-15 12:10:56', '2015-10-15 14:54:47', 'a75d201e-7930-478f-8302-2b5cb15e6565');
INSERT INTO `craft_entries` (`id`, `sectionId`, `typeId`, `authorId`, `postDate`, `expiryDate`, `dateCreated`, `dateUpdated`, `uid`) VALUES ('4', '2', '5', '1', '2015-09-15 13:30:00', NULL, '2015-09-15 13:30:08', '2015-09-18 08:55:49', '0e1a91bf-0625-4da0-b18d-9d8021ee3852');
INSERT INTO `craft_entries` (`id`, `sectionId`, `typeId`, `authorId`, `postDate`, `expiryDate`, `dateCreated`, `dateUpdated`, `uid`) VALUES ('5', '2', '4', '1', '2015-09-15 13:32:00', NULL, '2015-09-15 13:32:05', '2015-09-21 20:17:56', '45adea67-a8b7-4bc8-b109-4483e0f64388');
INSERT INTO `craft_entries` (`id`, `sectionId`, `typeId`, `authorId`, `postDate`, `expiryDate`, `dateCreated`, `dateUpdated`, `uid`) VALUES ('8', '2', '4', '1', '2015-09-15 14:02:00', NULL, '2015-09-15 14:02:15', '2015-09-30 13:19:16', '70428c36-93aa-4b83-b481-b2321e680183');
INSERT INTO `craft_entries` (`id`, `sectionId`, `typeId`, `authorId`, `postDate`, `expiryDate`, `dateCreated`, `dateUpdated`, `uid`) VALUES ('10', '2', '4', '1', '2015-09-15 14:04:00', NULL, '2015-09-15 14:04:21', '2015-09-30 13:44:57', 'cb57372d-e7e1-45c5-b8b6-7f7bf7c6e604');
INSERT INTO `craft_entries` (`id`, `sectionId`, `typeId`, `authorId`, `postDate`, `expiryDate`, `dateCreated`, `dateUpdated`, `uid`) VALUES ('12', '2', '6', '1', '2015-09-15 14:15:00', NULL, '2015-09-15 14:15:20', '2015-09-20 17:24:54', '4c87b4f6-73f2-4d50-a951-81b3c710522d');
INSERT INTO `craft_entries` (`id`, `sectionId`, `typeId`, `authorId`, `postDate`, `expiryDate`, `dateCreated`, `dateUpdated`, `uid`) VALUES ('14', '2', '5', '1', '2015-09-15 14:31:00', NULL, '2015-09-15 14:31:35', '2015-09-18 08:55:58', 'b703e65b-0240-4a97-8afe-f8d6b7c8bb58');
INSERT INTO `craft_entries` (`id`, `sectionId`, `typeId`, `authorId`, `postDate`, `expiryDate`, `dateCreated`, `dateUpdated`, `uid`) VALUES ('16', '2', '3', '1', '2015-09-15 14:44:11', NULL, '2015-09-15 14:44:11', '2015-09-15 14:44:11', '55fd3d77-744c-4458-9f35-30e9025635fa');
INSERT INTO `craft_entries` (`id`, `sectionId`, `typeId`, `authorId`, `postDate`, `expiryDate`, `dateCreated`, `dateUpdated`, `uid`) VALUES ('18', '2', '3', '1', '2015-09-15 15:15:00', NULL, '2015-09-15 15:15:51', '2015-09-15 15:23:54', 'a90114ba-f9b8-4903-ad58-537da6762e72');
INSERT INTO `craft_entries` (`id`, `sectionId`, `typeId`, `authorId`, `postDate`, `expiryDate`, `dateCreated`, `dateUpdated`, `uid`) VALUES ('21', '2', '5', '1', '2015-09-15 15:55:00', NULL, '2015-09-15 15:55:22', '2015-09-18 08:52:26', 'be98b93b-011e-4954-b5d1-36e0afacd4cb');
INSERT INTO `craft_entries` (`id`, `sectionId`, `typeId`, `authorId`, `postDate`, `expiryDate`, `dateCreated`, `dateUpdated`, `uid`) VALUES ('23', '2', '4', '1', '2015-09-15 15:58:00', NULL, '2015-09-15 15:58:30', '2015-09-30 13:46:29', '832f4fad-7570-4986-9b98-92a31686842b');
INSERT INTO `craft_entries` (`id`, `sectionId`, `typeId`, `authorId`, `postDate`, `expiryDate`, `dateCreated`, `dateUpdated`, `uid`) VALUES ('25', '2', '3', '1', '2015-09-16 12:11:00', NULL, '2015-09-16 12:11:36', '2015-09-20 17:26:01', 'ba87e38e-e062-47cd-969f-967de1e60470');
INSERT INTO `craft_entries` (`id`, `sectionId`, `typeId`, `authorId`, `postDate`, `expiryDate`, `dateCreated`, `dateUpdated`, `uid`) VALUES ('27', '2', '6', '1', '2015-09-16 12:19:00', NULL, '2015-09-16 12:19:18', '2015-09-20 17:24:35', 'c8ff24e6-8f4f-4cc4-a128-b430c2f22f5d');
INSERT INTO `craft_entries` (`id`, `sectionId`, `typeId`, `authorId`, `postDate`, `expiryDate`, `dateCreated`, `dateUpdated`, `uid`) VALUES ('33', '2', '6', '1', '2015-09-17 11:01:00', NULL, '2015-09-17 11:01:49', '2015-09-20 17:25:21', 'e3477913-168e-4804-ada7-67bbfa932512');
INSERT INTO `craft_entries` (`id`, `sectionId`, `typeId`, `authorId`, `postDate`, `expiryDate`, `dateCreated`, `dateUpdated`, `uid`) VALUES ('35', '2', '6', '1', '2015-09-17 15:55:00', NULL, '2015-09-17 15:55:42', '2015-09-20 17:24:11', 'c6502126-355d-4f7d-a4d9-2e2a2902c852');
INSERT INTO `craft_entries` (`id`, `sectionId`, `typeId`, `authorId`, `postDate`, `expiryDate`, `dateCreated`, `dateUpdated`, `uid`) VALUES ('39', '2', '5', '1', '2015-09-18 09:01:00', NULL, '2015-09-18 09:01:49', '2015-09-18 09:04:45', '7cec8aa7-43da-4b2e-ba02-8b5420a04e52');
INSERT INTO `craft_entries` (`id`, `sectionId`, `typeId`, `authorId`, `postDate`, `expiryDate`, `dateCreated`, `dateUpdated`, `uid`) VALUES ('42', '2', '6', '1', '2015-09-20 17:10:32', NULL, '2015-09-20 17:10:33', '2015-09-20 17:10:33', '52faa82b-6b1e-40ec-ac98-d962c29dcc4e');
INSERT INTO `craft_entries` (`id`, `sectionId`, `typeId`, `authorId`, `postDate`, `expiryDate`, `dateCreated`, `dateUpdated`, `uid`) VALUES ('44', '2', '6', '1', '2015-09-20 17:11:00', NULL, '2015-09-20 17:11:27', '2015-09-20 17:20:13', '45389f2c-01a3-4c3f-b657-015e6a2dc6e0');
INSERT INTO `craft_entries` (`id`, `sectionId`, `typeId`, `authorId`, `postDate`, `expiryDate`, `dateCreated`, `dateUpdated`, `uid`) VALUES ('46', '2', '6', '1', '2015-09-20 17:12:00', NULL, '2015-09-20 17:12:18', '2015-09-20 17:20:26', '6708e3ed-431e-406a-aba8-d32de6c8c568');
INSERT INTO `craft_entries` (`id`, `sectionId`, `typeId`, `authorId`, `postDate`, `expiryDate`, `dateCreated`, `dateUpdated`, `uid`) VALUES ('48', '2', '6', '1', '2015-09-20 17:12:00', NULL, '2015-09-20 17:12:56', '2015-09-20 17:21:08', '9b7349e9-c96b-40b6-8b26-692f03d773e2');
INSERT INTO `craft_entries` (`id`, `sectionId`, `typeId`, `authorId`, `postDate`, `expiryDate`, `dateCreated`, `dateUpdated`, `uid`) VALUES ('50', '2', '6', '1', '2015-09-20 17:13:00', NULL, '2015-09-20 17:13:38', '2015-09-20 17:21:34', 'b870c60a-7a5f-40d7-b850-fbf0667318bd');
INSERT INTO `craft_entries` (`id`, `sectionId`, `typeId`, `authorId`, `postDate`, `expiryDate`, `dateCreated`, `dateUpdated`, `uid`) VALUES ('52', '2', '6', '1', '2015-09-20 17:14:00', NULL, '2015-09-20 17:14:31', '2015-09-20 17:21:55', '52182c2b-1c7a-4fd2-8091-da49bed25051');
INSERT INTO `craft_entries` (`id`, `sectionId`, `typeId`, `authorId`, `postDate`, `expiryDate`, `dateCreated`, `dateUpdated`, `uid`) VALUES ('54', '2', '6', '1', '2015-09-20 17:15:00', NULL, '2015-09-20 17:15:04', '2015-09-20 17:22:21', '0e6cfd7b-10c1-4820-a0ae-0a4ae2fa0f87');
INSERT INTO `craft_entries` (`id`, `sectionId`, `typeId`, `authorId`, `postDate`, `expiryDate`, `dateCreated`, `dateUpdated`, `uid`) VALUES ('56', '2', '6', '1', '2015-09-20 17:16:00', NULL, '2015-09-20 17:16:02', '2015-09-20 17:22:38', '07598447-c643-40c5-8a63-54654de9947e');
INSERT INTO `craft_entries` (`id`, `sectionId`, `typeId`, `authorId`, `postDate`, `expiryDate`, `dateCreated`, `dateUpdated`, `uid`) VALUES ('58', '2', '6', '1', '2015-09-20 17:16:00', NULL, '2015-09-20 17:16:32', '2015-09-20 17:23:11', 'cd95c7b0-2e57-40b6-88f6-86d7a053cacb');
INSERT INTO `craft_entries` (`id`, `sectionId`, `typeId`, `authorId`, `postDate`, `expiryDate`, `dateCreated`, `dateUpdated`, `uid`) VALUES ('60', '2', '6', '1', '2015-09-20 17:16:00', NULL, '2015-09-20 17:16:56', '2015-09-20 17:19:25', 'd252279d-7c67-4751-bf5c-ebd365ea2dcb');
INSERT INTO `craft_entries` (`id`, `sectionId`, `typeId`, `authorId`, `postDate`, `expiryDate`, `dateCreated`, `dateUpdated`, `uid`) VALUES ('62', '2', '3', '1', '2015-09-20 17:19:10', NULL, '2015-09-20 17:19:10', '2015-09-20 17:19:10', '516f7f36-49aa-413b-ad53-aaed90b52756');
INSERT INTO `craft_entries` (`id`, `sectionId`, `typeId`, `authorId`, `postDate`, `expiryDate`, `dateCreated`, `dateUpdated`, `uid`) VALUES ('72', '2', '5', '1', '2015-09-21 11:33:00', NULL, '2015-09-21 11:33:40', '2015-09-21 19:45:18', '316d46a1-a323-47cd-b5d5-35f077261d94');
INSERT INTO `craft_entries` (`id`, `sectionId`, `typeId`, `authorId`, `postDate`, `expiryDate`, `dateCreated`, `dateUpdated`, `uid`) VALUES ('120', '2', '4', '1', '2015-09-21 20:05:00', NULL, '2015-09-21 20:05:24', '2015-09-30 13:48:29', 'e4b813b0-76a1-4904-a797-fcf301661b8e');
INSERT INTO `craft_entries` (`id`, `sectionId`, `typeId`, `authorId`, `postDate`, `expiryDate`, `dateCreated`, `dateUpdated`, `uid`) VALUES ('124', '3', '8', NULL, '2015-09-22 13:58:39', NULL, '2015-09-22 13:36:59', '2015-09-22 14:15:47', 'cd203733-af89-4ce7-9621-173aecd56a75');
INSERT INTO `craft_entries` (`id`, `sectionId`, `typeId`, `authorId`, `postDate`, `expiryDate`, `dateCreated`, `dateUpdated`, `uid`) VALUES ('126', '2', '5', '1', '2015-09-23 08:32:00', NULL, '2015-09-23 08:32:58', '2015-09-29 14:37:44', '3ddf2b0b-12ea-46e4-ab47-42c582762df7');
INSERT INTO `craft_entries` (`id`, `sectionId`, `typeId`, `authorId`, `postDate`, `expiryDate`, `dateCreated`, `dateUpdated`, `uid`) VALUES ('128', '2', '4', '1', '2015-09-29 14:22:08', NULL, '2015-09-29 14:22:08', '2015-09-29 14:22:08', '78d9a3a3-8f8e-4fab-8cf7-009eccd785a9');
INSERT INTO `craft_entries` (`id`, `sectionId`, `typeId`, `authorId`, `postDate`, `expiryDate`, `dateCreated`, `dateUpdated`, `uid`) VALUES ('130', '2', '5', '1', '2015-09-29 16:22:20', NULL, '2015-09-29 16:22:20', '2015-09-29 16:22:20', '88e94173-987b-462f-b48b-c85dddc8a761');
INSERT INTO `craft_entries` (`id`, `sectionId`, `typeId`, `authorId`, `postDate`, `expiryDate`, `dateCreated`, `dateUpdated`, `uid`) VALUES ('136', '2', '4', '1', '2015-10-11 10:25:13', NULL, '2015-10-11 10:25:13', '2015-10-11 10:25:13', '8c6406d2-0c9b-4b51-b50f-6bbbfc675f11');
INSERT INTO `craft_entries` (`id`, `sectionId`, `typeId`, `authorId`, `postDate`, `expiryDate`, `dateCreated`, `dateUpdated`, `uid`) VALUES ('138', '2', '4', '1', '2015-10-13 13:26:06', NULL, '2015-10-13 13:26:06', '2015-10-13 13:26:06', '934e8266-d29f-40f8-84bd-ece9aad09f69');
INSERT INTO `craft_entries` (`id`, `sectionId`, `typeId`, `authorId`, `postDate`, `expiryDate`, `dateCreated`, `dateUpdated`, `uid`) VALUES ('140', '2', '4', '1', '2015-10-15 15:02:26', NULL, '2015-10-15 15:02:26', '2015-10-15 15:02:26', '19be9344-f6c6-4f4f-969f-57d4084a8da3');



DROP TABLE IF EXISTS `craft_entrydrafts`;


--
-- Schema for table `craft_entrydrafts`
--
CREATE TABLE `craft_entrydrafts` (
  `id` int(11) NOT NULL AUTO_INCREMENT,
  `entryId` int(11) NOT NULL,
  `sectionId` int(11) NOT NULL,
  `creatorId` int(11) NOT NULL,
  `locale` char(12) COLLATE utf8_unicode_ci NOT NULL,
  `name` varchar(255) COLLATE utf8_unicode_ci NOT NULL,
  `notes` tinytext COLLATE utf8_unicode_ci,
  `data` mediumtext COLLATE utf8_unicode_ci NOT NULL,
  `dateCreated` datetime NOT NULL,
  `dateUpdated` datetime NOT NULL,
  `uid` char(36) COLLATE utf8_unicode_ci NOT NULL DEFAULT '0',
  PRIMARY KEY (`id`),
  KEY `craft_entrydrafts_entryId_locale_idx` (`entryId`,`locale`),
  KEY `craft_entrydrafts_sectionId_fk` (`sectionId`),
  KEY `craft_entrydrafts_creatorId_fk` (`creatorId`),
  KEY `craft_entrydrafts_locale_fk` (`locale`)
) ENGINE=InnoDB DEFAULT CHARSET=utf8 COLLATE=utf8_unicode_ci;

DROP TABLE IF EXISTS `craft_entrytypes`;


--
-- Schema for table `craft_entrytypes`
--
CREATE TABLE `craft_entrytypes` (
  `id` int(11) NOT NULL AUTO_INCREMENT,
  `sectionId` int(11) NOT NULL,
  `fieldLayoutId` int(11) DEFAULT NULL,
  `name` varchar(255) COLLATE utf8_unicode_ci NOT NULL,
  `handle` varchar(255) COLLATE utf8_unicode_ci NOT NULL,
  `hasTitleField` tinyint(1) unsigned NOT NULL DEFAULT '1',
  `titleLabel` varchar(255) COLLATE utf8_unicode_ci DEFAULT 'Title',
  `titleFormat` varchar(255) COLLATE utf8_unicode_ci DEFAULT NULL,
  `sortOrder` tinyint(4) DEFAULT NULL,
  `dateCreated` datetime NOT NULL,
  `dateUpdated` datetime NOT NULL,
  `uid` char(36) COLLATE utf8_unicode_ci NOT NULL DEFAULT '0',
  PRIMARY KEY (`id`),
  UNIQUE KEY `craft_entrytypes_name_sectionId_unq_idx` (`name`,`sectionId`),
  UNIQUE KEY `craft_entrytypes_handle_sectionId_unq_idx` (`handle`,`sectionId`),
  KEY `craft_entrytypes_sectionId_fk` (`sectionId`),
  KEY `craft_entrytypes_fieldLayoutId_fk` (`fieldLayoutId`)
) ENGINE=InnoDB AUTO_INCREMENT=9 DEFAULT CHARSET=utf8 COLLATE=utf8_unicode_ci;

--
-- Data for table `craft_entrytypes`
--

INSERT INTO `craft_entrytypes` (`id`, `sectionId`, `fieldLayoutId`, `name`, `handle`, `hasTitleField`, `titleLabel`, `titleFormat`, `sortOrder`, `dateCreated`, `dateUpdated`, `uid`) VALUES ('1', '1', '20', 'Homepage', 'homepage', '1', 'Titel', NULL, NULL, '2015-09-15 12:10:56', '2015-09-21 08:56:26', 'fb23a663-486f-48b1-a5e5-7e50229541e6');
INSERT INTO `craft_entrytypes` (`id`, `sectionId`, `fieldLayoutId`, `name`, `handle`, `hasTitleField`, `titleLabel`, `titleFormat`, `sortOrder`, `dateCreated`, `dateUpdated`, `uid`) VALUES ('3', '2', '12', 'Rules', 'gamerules', '1', 'Titel', NULL, NULL, '2015-09-15 13:31:17', '2015-09-15 14:11:19', '14c01551-ecee-4af7-89fd-326fa61c5f34');
INSERT INTO `craft_entrytypes` (`id`, `sectionId`, `fieldLayoutId`, `name`, `handle`, `hasTitleField`, `titleLabel`, `titleFormat`, `sortOrder`, `dateCreated`, `dateUpdated`, `uid`) VALUES ('4', '2', '9', 'Scenarios', 'scenarios', '1', 'Titel', NULL, NULL, '2015-09-15 13:31:25', '2015-09-15 13:37:21', 'dffef0ee-ba76-498c-b82e-632407363eec');
INSERT INTO `craft_entrytypes` (`id`, `sectionId`, `fieldLayoutId`, `name`, `handle`, `hasTitleField`, `titleLabel`, `titleFormat`, `sortOrder`, `dateCreated`, `dateUpdated`, `uid`) VALUES ('5', '2', '19', 'Blog', 'blog', '1', 'Titel', NULL, NULL, '2015-09-15 14:50:45', '2015-09-18 08:47:47', 'db06891f-7ee6-487c-a267-7d1cc85e107e');
INSERT INTO `craft_entrytypes` (`id`, `sectionId`, `fieldLayoutId`, `name`, `handle`, `hasTitleField`, `titleLabel`, `titleFormat`, `sortOrder`, `dateCreated`, `dateUpdated`, `uid`) VALUES ('6', '2', '17', 'Warbands', 'warbands', '1', 'Titel', NULL, NULL, '2015-09-17 11:07:00', '2015-09-17 11:07:00', '73472b34-8b51-4cb6-86e5-d1b30710e919');
INSERT INTO `craft_entrytypes` (`id`, `sectionId`, `fieldLayoutId`, `name`, `handle`, `hasTitleField`, `titleLabel`, `titleFormat`, `sortOrder`, `dateCreated`, `dateUpdated`, `uid`) VALUES ('7', '2', '29', 'Evenement', 'evenement', '1', 'Titel', NULL, NULL, '2015-09-21 09:43:18', '2015-09-21 09:43:18', '9d246721-845c-4d2b-aa07-2e8321887ef8');
INSERT INTO `craft_entrytypes` (`id`, `sectionId`, `fieldLayoutId`, `name`, `handle`, `hasTitleField`, `titleLabel`, `titleFormat`, `sortOrder`, `dateCreated`, `dateUpdated`, `uid`) VALUES ('8', '3', '35', 'ABout', 'about', '1', 'Titel', NULL, NULL, '2015-09-22 13:36:59', '2015-09-22 13:59:33', 'dfce6f73-5f02-42e2-9f44-3f0eeef4e8da');



DROP TABLE IF EXISTS `craft_entryversions`;


--
-- Schema for table `craft_entryversions`
--
CREATE TABLE `craft_entryversions` (
  `id` int(11) NOT NULL AUTO_INCREMENT,
  `entryId` int(11) NOT NULL,
  `sectionId` int(11) NOT NULL,
  `creatorId` int(11) DEFAULT NULL,
  `locale` char(12) COLLATE utf8_unicode_ci NOT NULL,
  `num` smallint(6) unsigned NOT NULL,
  `notes` tinytext COLLATE utf8_unicode_ci,
  `data` mediumtext COLLATE utf8_unicode_ci NOT NULL,
  `dateCreated` datetime NOT NULL,
  `dateUpdated` datetime NOT NULL,
  `uid` char(36) COLLATE utf8_unicode_ci NOT NULL DEFAULT '0',
  PRIMARY KEY (`id`),
  KEY `craft_entryversions_entryId_locale_idx` (`entryId`,`locale`),
  KEY `craft_entryversions_sectionId_fk` (`sectionId`),
  KEY `craft_entryversions_creatorId_fk` (`creatorId`),
  KEY `craft_entryversions_locale_fk` (`locale`)
) ENGINE=InnoDB DEFAULT CHARSET=utf8 COLLATE=utf8_unicode_ci;

DROP TABLE IF EXISTS `craft_fieldgroups`;


--
-- Schema for table `craft_fieldgroups`
--
CREATE TABLE `craft_fieldgroups` (
  `id` int(11) NOT NULL AUTO_INCREMENT,
  `name` varchar(255) COLLATE utf8_unicode_ci NOT NULL,
  `dateCreated` datetime NOT NULL,
  `dateUpdated` datetime NOT NULL,
  `uid` char(36) COLLATE utf8_unicode_ci NOT NULL DEFAULT '0',
  PRIMARY KEY (`id`),
  UNIQUE KEY `craft_fieldgroups_name_unq_idx` (`name`)
) ENGINE=InnoDB AUTO_INCREMENT=2 DEFAULT CHARSET=utf8 COLLATE=utf8_unicode_ci;

--
-- Data for table `craft_fieldgroups`
--

INSERT INTO `craft_fieldgroups` (`id`, `name`, `dateCreated`, `dateUpdated`, `uid`) VALUES ('1', 'Standaard', '2015-09-15 12:10:56', '2015-09-15 12:10:56', 'ebdfe560-33a7-4203-b33d-9e4d764453ac');



DROP TABLE IF EXISTS `craft_fieldlayoutfields`;


--
-- Schema for table `craft_fieldlayoutfields`
--
CREATE TABLE `craft_fieldlayoutfields` (
  `id` int(11) NOT NULL AUTO_INCREMENT,
  `layoutId` int(11) NOT NULL,
  `tabId` int(11) NOT NULL,
  `fieldId` int(11) NOT NULL,
  `required` tinyint(1) unsigned NOT NULL DEFAULT '0',
  `sortOrder` tinyint(4) DEFAULT NULL,
  `dateCreated` datetime NOT NULL,
  `dateUpdated` datetime NOT NULL,
  `uid` char(36) COLLATE utf8_unicode_ci NOT NULL DEFAULT '0',
  PRIMARY KEY (`id`),
  UNIQUE KEY `craft_fieldlayoutfields_layoutId_fieldId_unq_idx` (`layoutId`,`fieldId`),
  KEY `craft_fieldlayoutfields_sortOrder_idx` (`sortOrder`),
  KEY `craft_fieldlayoutfields_tabId_fk` (`tabId`),
  KEY `craft_fieldlayoutfields_fieldId_fk` (`fieldId`)
) ENGINE=InnoDB AUTO_INCREMENT=25 DEFAULT CHARSET=utf8 COLLATE=utf8_unicode_ci;

--
-- Data for table `craft_fieldlayoutfields`
--

INSERT INTO `craft_fieldlayoutfields` (`id`, `layoutId`, `tabId`, `fieldId`, `required`, `sortOrder`, `dateCreated`, `dateUpdated`, `uid`) VALUES ('4', '9', '3', '1', '0', '1', '2015-09-15 13:37:20', '2015-09-15 13:37:20', '0702426d-0dfb-494a-be2f-4c0fcf3cfd2e');
INSERT INTO `craft_fieldlayoutfields` (`id`, `layoutId`, `tabId`, `fieldId`, `required`, `sortOrder`, `dateCreated`, `dateUpdated`, `uid`) VALUES ('5', '9', '3', '3', '0', '2', '2015-09-15 13:37:21', '2015-09-15 13:37:21', 'e9b45ff7-ce24-4893-be84-9e55ca78edd7');
INSERT INTO `craft_fieldlayoutfields` (`id`, `layoutId`, `tabId`, `fieldId`, `required`, `sortOrder`, `dateCreated`, `dateUpdated`, `uid`) VALUES ('6', '12', '4', '1', '0', '1', '2015-09-15 14:11:19', '2015-09-15 14:11:19', '2a65b0c9-d9f8-4835-b498-004de393fb09');
INSERT INTO `craft_fieldlayoutfields` (`id`, `layoutId`, `tabId`, `fieldId`, `required`, `sortOrder`, `dateCreated`, `dateUpdated`, `uid`) VALUES ('7', '12', '4', '3', '0', '2', '2015-09-15 14:11:19', '2015-09-15 14:11:19', '78abc1b9-2203-4ae4-a2bc-43312f479d01');
INSERT INTO `craft_fieldlayoutfields` (`id`, `layoutId`, `tabId`, `fieldId`, `required`, `sortOrder`, `dateCreated`, `dateUpdated`, `uid`) VALUES ('9', '15', '6', '4', '0', '1', '2015-09-16 13:12:51', '2015-09-16 13:12:51', '9dab8937-0d3b-4ba9-a8eb-b695921007a4');
INSERT INTO `craft_fieldlayoutfields` (`id`, `layoutId`, `tabId`, `fieldId`, `required`, `sortOrder`, `dateCreated`, `dateUpdated`, `uid`) VALUES ('10', '17', '7', '1', '0', '1', '2015-09-17 11:07:00', '2015-09-17 11:07:00', 'c523f009-5747-4851-9eac-f570899b77ba');
INSERT INTO `craft_fieldlayoutfields` (`id`, `layoutId`, `tabId`, `fieldId`, `required`, `sortOrder`, `dateCreated`, `dateUpdated`, `uid`) VALUES ('11', '17', '7', '3', '0', '2', '2015-09-17 11:07:00', '2015-09-17 11:07:00', '28e361d1-2a48-46c8-8879-782265b1fa4a');
INSERT INTO `craft_fieldlayoutfields` (`id`, `layoutId`, `tabId`, `fieldId`, `required`, `sortOrder`, `dateCreated`, `dateUpdated`, `uid`) VALUES ('12', '19', '8', '5', '0', '1', '2015-09-18 08:47:47', '2015-09-18 08:47:47', '2c83bdf5-75e1-4a63-a7fa-42a0c735e306');
INSERT INTO `craft_fieldlayoutfields` (`id`, `layoutId`, `tabId`, `fieldId`, `required`, `sortOrder`, `dateCreated`, `dateUpdated`, `uid`) VALUES ('13', '19', '8', '1', '0', '2', '2015-09-18 08:47:47', '2015-09-18 08:47:47', 'baee3820-c98c-43ca-84a5-0c5e318cc28b');
INSERT INTO `craft_fieldlayoutfields` (`id`, `layoutId`, `tabId`, `fieldId`, `required`, `sortOrder`, `dateCreated`, `dateUpdated`, `uid`) VALUES ('14', '20', '9', '1', '1', '1', '2015-09-21 08:56:26', '2015-09-21 08:56:26', '490e8ee9-48bc-4bc9-85e3-7f602aa533bf');
INSERT INTO `craft_fieldlayoutfields` (`id`, `layoutId`, `tabId`, `fieldId`, `required`, `sortOrder`, `dateCreated`, `dateUpdated`, `uid`) VALUES ('15', '20', '9', '4', '0', '2', '2015-09-21 08:56:26', '2015-09-21 08:56:26', 'b8ffa77f-1dd3-4b20-b21b-4d373c032260');
INSERT INTO `craft_fieldlayoutfields` (`id`, `layoutId`, `tabId`, `fieldId`, `required`, `sortOrder`, `dateCreated`, `dateUpdated`, `uid`) VALUES ('16', '29', '10', '5', '0', '1', '2015-09-21 09:43:18', '2015-09-21 09:43:18', 'aaf285b1-31ef-42d0-a84d-08835b788f99');
INSERT INTO `craft_fieldlayoutfields` (`id`, `layoutId`, `tabId`, `fieldId`, `required`, `sortOrder`, `dateCreated`, `dateUpdated`, `uid`) VALUES ('17', '29', '10', '6', '0', '2', '2015-09-21 09:43:18', '2015-09-21 09:43:18', '99660221-4b22-47e6-839c-ae1d2dcf9856');
INSERT INTO `craft_fieldlayoutfields` (`id`, `layoutId`, `tabId`, `fieldId`, `required`, `sortOrder`, `dateCreated`, `dateUpdated`, `uid`) VALUES ('18', '29', '10', '4', '0', '3', '2015-09-21 09:43:18', '2015-09-21 09:43:18', 'b22bec02-45bf-4d5a-9b5d-9f9edea241fc');
INSERT INTO `craft_fieldlayoutfields` (`id`, `layoutId`, `tabId`, `fieldId`, `required`, `sortOrder`, `dateCreated`, `dateUpdated`, `uid`) VALUES ('23', '35', '13', '1', '0', '1', '2015-09-22 13:59:33', '2015-09-22 13:59:33', 'e006f6dc-2563-4a10-aa3e-229362440439');
INSERT INTO `craft_fieldlayoutfields` (`id`, `layoutId`, `tabId`, `fieldId`, `required`, `sortOrder`, `dateCreated`, `dateUpdated`, `uid`) VALUES ('24', '35', '13', '4', '0', '2', '2015-09-22 13:59:33', '2015-09-22 13:59:33', '0ef86ce3-38ec-45a4-a1d9-f0494f3e6528');



DROP TABLE IF EXISTS `craft_fieldlayouts`;


--
-- Schema for table `craft_fieldlayouts`
--
CREATE TABLE `craft_fieldlayouts` (
  `id` int(11) NOT NULL AUTO_INCREMENT,
  `type` varchar(150) COLLATE utf8_unicode_ci NOT NULL,
  `dateCreated` datetime NOT NULL,
  `dateUpdated` datetime NOT NULL,
  `uid` char(36) COLLATE utf8_unicode_ci NOT NULL DEFAULT '0',
  PRIMARY KEY (`id`),
  KEY `craft_fieldlayouts_type_idx` (`type`)
) ENGINE=InnoDB AUTO_INCREMENT=36 DEFAULT CHARSET=utf8 COLLATE=utf8_unicode_ci;

--
-- Data for table `craft_fieldlayouts`
--

INSERT INTO `craft_fieldlayouts` (`id`, `type`, `dateCreated`, `dateUpdated`, `uid`) VALUES ('1', 'Tag', '2015-09-15 12:10:56', '2015-09-15 12:10:56', 'a9572aa7-725e-4c39-952a-9b8dced9eced');
INSERT INTO `craft_fieldlayouts` (`id`, `type`, `dateCreated`, `dateUpdated`, `uid`) VALUES ('9', 'Entry', '2015-09-15 13:37:20', '2015-09-15 13:37:20', '448545d3-1e3f-4ebf-a426-de1b5686217b');
INSERT INTO `craft_fieldlayouts` (`id`, `type`, `dateCreated`, `dateUpdated`, `uid`) VALUES ('12', 'Entry', '2015-09-15 14:11:19', '2015-09-15 14:11:19', '378fe80d-1f32-42b6-ad61-59210d9058e8');
INSERT INTO `craft_fieldlayouts` (`id`, `type`, `dateCreated`, `dateUpdated`, `uid`) VALUES ('15', 'GlobalSet', '2015-09-16 13:12:51', '2015-09-16 13:12:51', '69a97ff6-8d23-4e9e-b8b4-98bad0ae6519');
INSERT INTO `craft_fieldlayouts` (`id`, `type`, `dateCreated`, `dateUpdated`, `uid`) VALUES ('17', 'Entry', '2015-09-17 11:07:00', '2015-09-17 11:07:00', 'fbb85021-1c08-49dd-9e84-7bbfd9171f7c');
INSERT INTO `craft_fieldlayouts` (`id`, `type`, `dateCreated`, `dateUpdated`, `uid`) VALUES ('19', 'Entry', '2015-09-18 08:47:47', '2015-09-18 08:47:47', '196b4a82-eb37-498d-9079-92f57bb87ed9');
INSERT INTO `craft_fieldlayouts` (`id`, `type`, `dateCreated`, `dateUpdated`, `uid`) VALUES ('20', 'Entry', '2015-09-21 08:56:26', '2015-09-21 08:56:26', 'ae975a69-c74e-4f6b-bea0-34d6f292042a');
INSERT INTO `craft_fieldlayouts` (`id`, `type`, `dateCreated`, `dateUpdated`, `uid`) VALUES ('29', 'Entry', '2015-09-21 09:43:18', '2015-09-21 09:43:18', '7f6381ea-09a4-4a81-9276-fbce9ede1201');
INSERT INTO `craft_fieldlayouts` (`id`, `type`, `dateCreated`, `dateUpdated`, `uid`) VALUES ('31', 'Asset', '2015-09-21 11:32:48', '2015-09-21 11:32:48', '10c7d94b-1606-4dff-8b3c-b111ed3c801b');
INSERT INTO `craft_fieldlayouts` (`id`, `type`, `dateCreated`, `dateUpdated`, `uid`) VALUES ('35', 'Entry', '2015-09-22 13:59:33', '2015-09-22 13:59:33', '31a9c0e4-f514-47f4-a8c1-027889ab9066');



DROP TABLE IF EXISTS `craft_fieldlayouttabs`;


--
-- Schema for table `craft_fieldlayouttabs`
--
CREATE TABLE `craft_fieldlayouttabs` (
  `id` int(11) NOT NULL AUTO_INCREMENT,
  `layoutId` int(11) NOT NULL,
  `name` varchar(255) COLLATE utf8_unicode_ci NOT NULL,
  `sortOrder` tinyint(4) DEFAULT NULL,
  `dateCreated` datetime NOT NULL,
  `dateUpdated` datetime NOT NULL,
  `uid` char(36) COLLATE utf8_unicode_ci NOT NULL DEFAULT '0',
  PRIMARY KEY (`id`),
  KEY `craft_fieldlayouttabs_sortOrder_idx` (`sortOrder`),
  KEY `craft_fieldlayouttabs_layoutId_fk` (`layoutId`)
) ENGINE=InnoDB AUTO_INCREMENT=14 DEFAULT CHARSET=utf8 COLLATE=utf8_unicode_ci;

--
-- Data for table `craft_fieldlayouttabs`
--

INSERT INTO `craft_fieldlayouttabs` (`id`, `layoutId`, `name`, `sortOrder`, `dateCreated`, `dateUpdated`, `uid`) VALUES ('3', '9', 'Scenario', '1', '2015-09-15 13:37:20', '2015-09-15 13:37:20', '2903ba55-b696-4d0e-850e-c30d92ead91a');
INSERT INTO `craft_fieldlayouttabs` (`id`, `layoutId`, `name`, `sortOrder`, `dateCreated`, `dateUpdated`, `uid`) VALUES ('4', '12', 'Rules', '1', '2015-09-15 14:11:19', '2015-09-15 14:11:19', 'd0ae40ad-c752-4df6-a0ce-49007e534e15');
INSERT INTO `craft_fieldlayouttabs` (`id`, `layoutId`, `name`, `sortOrder`, `dateCreated`, `dateUpdated`, `uid`) VALUES ('6', '15', 'Inhoud', '1', '2015-09-16 13:12:51', '2015-09-16 13:12:51', 'ede58539-5ab9-4ae8-b487-4af1645ce4dd');
INSERT INTO `craft_fieldlayouttabs` (`id`, `layoutId`, `name`, `sortOrder`, `dateCreated`, `dateUpdated`, `uid`) VALUES ('7', '17', 'Warband', '1', '2015-09-17 11:07:00', '2015-09-17 11:07:00', 'acb8c0de-17a0-4e80-9bba-607b0280b85b');
INSERT INTO `craft_fieldlayouttabs` (`id`, `layoutId`, `name`, `sortOrder`, `dateCreated`, `dateUpdated`, `uid`) VALUES ('8', '19', 'Blog', '1', '2015-09-18 08:47:47', '2015-09-18 08:47:47', '3436b477-18aa-4051-aa4b-935bf7153c97');
INSERT INTO `craft_fieldlayouttabs` (`id`, `layoutId`, `name`, `sortOrder`, `dateCreated`, `dateUpdated`, `uid`) VALUES ('9', '20', 'Inhoud', '1', '2015-09-21 08:56:26', '2015-09-21 08:56:26', 'd4771bab-334e-4df6-a09d-54fda1997ec5');
INSERT INTO `craft_fieldlayouttabs` (`id`, `layoutId`, `name`, `sortOrder`, `dateCreated`, `dateUpdated`, `uid`) VALUES ('10', '29', 'Evenement', '1', '2015-09-21 09:43:18', '2015-09-21 09:43:18', '9311d9d4-db7e-44b4-bdd9-c776382e6a12');
INSERT INTO `craft_fieldlayouttabs` (`id`, `layoutId`, `name`, `sortOrder`, `dateCreated`, `dateUpdated`, `uid`) VALUES ('13', '35', 'About', '1', '2015-09-22 13:59:33', '2015-09-22 13:59:33', '626eea58-68ce-4d37-b8be-6f239b1aba77');



DROP TABLE IF EXISTS `craft_fields`;


--
-- Schema for table `craft_fields`
--
CREATE TABLE `craft_fields` (
  `id` int(11) NOT NULL AUTO_INCREMENT,
  `groupId` int(11) DEFAULT NULL,
  `name` varchar(255) COLLATE utf8_unicode_ci NOT NULL,
  `handle` varchar(58) COLLATE utf8_unicode_ci NOT NULL,
  `context` varchar(255) COLLATE utf8_unicode_ci NOT NULL DEFAULT 'global',
  `instructions` text COLLATE utf8_unicode_ci,
  `translatable` tinyint(1) unsigned NOT NULL DEFAULT '0',
  `type` varchar(150) COLLATE utf8_unicode_ci NOT NULL,
  `settings` text COLLATE utf8_unicode_ci,
  `dateCreated` datetime NOT NULL,
  `dateUpdated` datetime NOT NULL,
  `uid` char(36) COLLATE utf8_unicode_ci NOT NULL DEFAULT '0',
  PRIMARY KEY (`id`),
  UNIQUE KEY `craft_fields_handle_context_unq_idx` (`handle`,`context`),
  KEY `craft_fields_context_idx` (`context`),
  KEY `craft_fields_groupId_fk` (`groupId`)
) ENGINE=InnoDB AUTO_INCREMENT=7 DEFAULT CHARSET=utf8 COLLATE=utf8_unicode_ci;

--
-- Data for table `craft_fields`
--

INSERT INTO `craft_fields` (`id`, `groupId`, `name`, `handle`, `context`, `instructions`, `translatable`, `type`, `settings`, `dateCreated`, `dateUpdated`, `uid`) VALUES ('1', '1', 'Body', 'body', 'global', '', '0', 'RichText', '{\"configFile\":\"Standard.json\",\"cleanupHtml\":\"\",\"purifyHtml\":\"\",\"columnType\":\"text\"}', '2015-09-15 12:10:56', '2015-09-16 16:28:28', 'dcc08db9-f801-4fd4-a1b6-6a22f1aaf1e3');
INSERT INTO `craft_fields` (`id`, `groupId`, `name`, `handle`, `context`, `instructions`, `translatable`, `type`, `settings`, `dateCreated`, `dateUpdated`, `uid`) VALUES ('2', '1', 'Tags', 'tags', 'global', NULL, '0', 'Tags', '{\"source\":\"taggroup:1\"}', '2015-09-15 12:10:56', '2015-09-15 12:10:56', '7606db6b-22bb-40d4-90ed-d3268b496fe3');
INSERT INTO `craft_fields` (`id`, `groupId`, `name`, `handle`, `context`, `instructions`, `translatable`, `type`, `settings`, `dateCreated`, `dateUpdated`, `uid`) VALUES ('3', '1', 'PDF', 'pdf', 'global', 'Voeg hier een PDF in.', '0', 'Assets', '{\"useSingleFolder\":\"\",\"sources\":\"*\",\"defaultUploadLocationSource\":\"1\",\"defaultUploadLocationSubpath\":\"\",\"singleUploadLocationSource\":\"1\",\"singleUploadLocationSubpath\":\"\",\"restrictFiles\":\"1\",\"allowedKinds\":[\"pdf\"],\"limit\":\"\"}', '2015-09-15 13:36:26', '2015-09-15 13:36:26', '685f615e-4379-41e6-8600-cddc4ee7801f');
INSERT INTO `craft_fields` (`id`, `groupId`, `name`, `handle`, `context`, `instructions`, `translatable`, `type`, `settings`, `dateCreated`, `dateUpdated`, `uid`) VALUES ('4', '1', 'Afbeelding', 'afbeelding', 'global', 'Plaats hier een afbeelding.', '0', 'Assets', '{\"useSingleFolder\":\"\",\"sources\":\"*\",\"defaultUploadLocationSource\":\"1\",\"defaultUploadLocationSubpath\":\"\",\"singleUploadLocationSource\":\"1\",\"singleUploadLocationSubpath\":\"\",\"restrictFiles\":\"1\",\"allowedKinds\":[\"image\"],\"limit\":\"1\",\"selectionLabel\":\"Voeg een bestand toe\"}', '2015-09-16 13:12:33', '2015-09-16 13:12:33', '7993c1b0-b34a-4cef-8c38-5f9cf79fc141');
INSERT INTO `craft_fields` (`id`, `groupId`, `name`, `handle`, `context`, `instructions`, `translatable`, `type`, `settings`, `dateCreated`, `dateUpdated`, `uid`) VALUES ('5', '1', 'Poster', 'poster', 'global', 'Kies hier je naam', '0', 'Dropdown', '{\"options\":[{\"label\":\"Evin\",\"value\":\"Evin\",\"default\":\"\"},{\"label\":\"Mo\",\"value\":\"Mo\",\"default\":\"\"}]}', '2015-09-18 08:47:19', '2015-09-18 08:47:19', 'ac996c1a-2e3d-4bb7-a1ba-028cfb9228b7');
INSERT INTO `craft_fields` (`id`, `groupId`, `name`, `handle`, `context`, `instructions`, `translatable`, `type`, `settings`, `dateCreated`, `dateUpdated`, `uid`) VALUES ('6', '1', 'Evenement', 'event', 'global', 'Plaats hier een evenement', '0', 'Venti_Event', NULL, '2015-09-21 09:42:11', '2015-09-21 09:42:11', '7f55f366-cf3f-4ff9-ae17-8419915bd5cb');



DROP TABLE IF EXISTS `craft_galleryoots_records`;


--
-- Schema for table `craft_galleryoots_records`
--
CREATE TABLE `craft_galleryoots_records` (
  `id` int(11) NOT NULL AUTO_INCREMENT,
  `name` varchar(255) COLLATE utf8_unicode_ci NOT NULL,
  `assets_folder_id` int(10) NOT NULL,
  `transformation` varchar(255) COLLATE utf8_unicode_ci NOT NULL,
  `total_images` int(10) NOT NULL,
  `selected_images` varchar(255) COLLATE utf8_unicode_ci DEFAULT NULL,
  `status` varchar(255) COLLATE utf8_unicode_ci NOT NULL,
  `dateCreated` datetime NOT NULL,
  `dateUpdated` datetime NOT NULL,
  `uid` char(36) COLLATE utf8_unicode_ci NOT NULL DEFAULT '0',
  PRIMARY KEY (`id`)
) ENGINE=InnoDB DEFAULT CHARSET=utf8 COLLATE=utf8_unicode_ci;

DROP TABLE IF EXISTS `craft_globalsets`;


--
-- Schema for table `craft_globalsets`
--
CREATE TABLE `craft_globalsets` (
  `id` int(11) NOT NULL,
  `name` varchar(255) COLLATE utf8_unicode_ci NOT NULL,
  `handle` varchar(255) COLLATE utf8_unicode_ci NOT NULL,
  `fieldLayoutId` int(10) DEFAULT NULL,
  `dateCreated` datetime NOT NULL,
  `dateUpdated` datetime NOT NULL,
  `uid` char(36) COLLATE utf8_unicode_ci NOT NULL DEFAULT '0',
  PRIMARY KEY (`id`),
  UNIQUE KEY `craft_globalsets_name_unq_idx` (`name`),
  UNIQUE KEY `craft_globalsets_handle_unq_idx` (`handle`),
  KEY `craft_globalsets_fieldLayoutId_fk` (`fieldLayoutId`)
) ENGINE=InnoDB DEFAULT CHARSET=utf8 COLLATE=utf8_unicode_ci;

--
-- Data for table `craft_globalsets`
--

INSERT INTO `craft_globalsets` (`id`, `name`, `handle`, `fieldLayoutId`, `dateCreated`, `dateUpdated`, `uid`) VALUES ('28', 'Header', 'header', '15', '2015-09-16 13:10:54', '2015-09-16 13:12:51', 'f6d1669a-100e-4ada-a4bd-1a7457b05487');



DROP TABLE IF EXISTS `craft_info`;


--
-- Schema for table `craft_info`
--
CREATE TABLE `craft_info` (
  `id` int(11) NOT NULL AUTO_INCREMENT,
  `version` varchar(15) COLLATE utf8_unicode_ci NOT NULL,
  `build` int(11) unsigned NOT NULL,
  `schemaVersion` varchar(15) COLLATE utf8_unicode_ci NOT NULL,
  `releaseDate` datetime NOT NULL,
  `edition` tinyint(1) unsigned NOT NULL DEFAULT '0',
  `siteName` varchar(100) COLLATE utf8_unicode_ci NOT NULL,
  `siteUrl` varchar(255) COLLATE utf8_unicode_ci NOT NULL,
  `timezone` varchar(30) COLLATE utf8_unicode_ci DEFAULT NULL,
  `on` tinyint(1) unsigned NOT NULL DEFAULT '0',
  `maintenance` tinyint(1) unsigned NOT NULL DEFAULT '0',
  `track` varchar(40) COLLATE utf8_unicode_ci NOT NULL,
  `dateCreated` datetime NOT NULL,
  `dateUpdated` datetime NOT NULL,
  `uid` char(36) COLLATE utf8_unicode_ci NOT NULL DEFAULT '0',
  PRIMARY KEY (`id`)
) ENGINE=InnoDB AUTO_INCREMENT=2 DEFAULT CHARSET=utf8 COLLATE=utf8_unicode_ci;

--
-- Data for table `craft_info`
--

INSERT INTO `craft_info` (`id`, `version`, `build`, `schemaVersion`, `releaseDate`, `edition`, `siteName`, `siteUrl`, `timezone`, `on`, `maintenance`, `track`, `dateCreated`, `dateUpdated`, `uid`) VALUES ('1', '2.4', '2699', '2.4.0', '2015-10-16 20:43:10', '0', 'Librarium Inquisimunda', 'http://inquisimunda.evinwijninga.com/', 'Europe/Amsterdam', '1', '1', 'stable', '2015-09-15 12:10:53', '2015-12-14 09:24:51', '62be3f7a-7f92-4cea-8ce8-f11b507c4ea6');



DROP TABLE IF EXISTS `craft_locales`;


--
-- Schema for table `craft_locales`
--
CREATE TABLE `craft_locales` (
  `locale` char(12) COLLATE utf8_unicode_ci NOT NULL,
  `sortOrder` tinyint(4) DEFAULT NULL,
  `dateCreated` datetime NOT NULL,
  `dateUpdated` datetime NOT NULL,
  `uid` char(36) COLLATE utf8_unicode_ci NOT NULL DEFAULT '0',
  PRIMARY KEY (`locale`),
  KEY `craft_locales_sortOrder_idx` (`sortOrder`)
) ENGINE=InnoDB DEFAULT CHARSET=utf8 COLLATE=utf8_unicode_ci;

--
-- Data for table `craft_locales`
--

INSERT INTO `craft_locales` (`locale`, `sortOrder`, `dateCreated`, `dateUpdated`, `uid`) VALUES ('nl', '1', '2015-09-15 12:10:53', '2015-09-15 12:10:53', '72deb607-f695-458e-852d-7fe4bac1046e');



DROP TABLE IF EXISTS `craft_matrixblocks`;


--
-- Schema for table `craft_matrixblocks`
--
CREATE TABLE `craft_matrixblocks` (
  `id` int(11) NOT NULL,
  `ownerId` int(11) NOT NULL,
  `fieldId` int(11) NOT NULL,
  `typeId` int(11) DEFAULT NULL,
  `sortOrder` tinyint(4) DEFAULT NULL,
  `ownerLocale` char(12) COLLATE utf8_unicode_ci DEFAULT NULL,
  `dateCreated` datetime NOT NULL,
  `dateUpdated` datetime NOT NULL,
  `uid` char(36) COLLATE utf8_unicode_ci NOT NULL DEFAULT '0',
  PRIMARY KEY (`id`),
  KEY `craft_matrixblocks_ownerId_idx` (`ownerId`),
  KEY `craft_matrixblocks_fieldId_idx` (`fieldId`),
  KEY `craft_matrixblocks_typeId_idx` (`typeId`),
  KEY `craft_matrixblocks_sortOrder_idx` (`sortOrder`),
  KEY `craft_matrixblocks_ownerLocale_fk` (`ownerLocale`)
) ENGINE=InnoDB DEFAULT CHARSET=utf8 COLLATE=utf8_unicode_ci;

DROP TABLE IF EXISTS `craft_matrixblocktypes`;


--
-- Schema for table `craft_matrixblocktypes`
--
CREATE TABLE `craft_matrixblocktypes` (
  `id` int(11) NOT NULL AUTO_INCREMENT,
  `fieldId` int(11) NOT NULL,
  `fieldLayoutId` int(11) DEFAULT NULL,
  `name` varchar(255) COLLATE utf8_unicode_ci NOT NULL,
  `handle` varchar(255) COLLATE utf8_unicode_ci NOT NULL,
  `sortOrder` tinyint(4) DEFAULT NULL,
  `dateCreated` datetime NOT NULL,
  `dateUpdated` datetime NOT NULL,
  `uid` char(36) COLLATE utf8_unicode_ci NOT NULL DEFAULT '0',
  PRIMARY KEY (`id`),
  UNIQUE KEY `craft_matrixblocktypes_name_fieldId_unq_idx` (`name`,`fieldId`),
  UNIQUE KEY `craft_matrixblocktypes_handle_fieldId_unq_idx` (`handle`,`fieldId`),
  KEY `craft_matrixblocktypes_fieldId_fk` (`fieldId`),
  KEY `craft_matrixblocktypes_fieldLayoutId_fk` (`fieldLayoutId`)
) ENGINE=InnoDB DEFAULT CHARSET=utf8 COLLATE=utf8_unicode_ci;

DROP TABLE IF EXISTS `craft_migrations`;


--
-- Schema for table `craft_migrations`
--
CREATE TABLE `craft_migrations` (
  `id` int(11) NOT NULL AUTO_INCREMENT,
  `pluginId` int(11) DEFAULT NULL,
  `version` varchar(255) COLLATE utf8_unicode_ci NOT NULL,
  `applyTime` datetime NOT NULL,
  `dateCreated` datetime NOT NULL,
  `dateUpdated` datetime NOT NULL,
  `uid` char(36) COLLATE utf8_unicode_ci NOT NULL DEFAULT '0',
  PRIMARY KEY (`id`),
  UNIQUE KEY `craft_migrations_version_unq_idx` (`version`),
  KEY `craft_migrations_pluginId_fk` (`pluginId`)
) ENGINE=InnoDB AUTO_INCREMENT=18 DEFAULT CHARSET=utf8 COLLATE=utf8_unicode_ci;

--
-- Data for table `craft_migrations`
--

INSERT INTO `craft_migrations` (`id`, `pluginId`, `version`, `applyTime`, `dateCreated`, `dateUpdated`, `uid`) VALUES ('1', NULL, 'm000000_000000_base', '2015-09-15 12:10:53', '2015-09-15 12:10:53', '2015-09-15 12:10:53', '63ae0ad5-cca1-4424-8de1-b3ed6bad0dd4');
INSERT INTO `craft_migrations` (`id`, `pluginId`, `version`, `applyTime`, `dateCreated`, `dateUpdated`, `uid`) VALUES ('2', NULL, 'm140730_000001_add_filename_and_format_to_transformindex', '2015-09-15 12:10:53', '2015-09-15 12:10:53', '2015-09-15 12:10:53', '8be9f025-1b25-43b8-b48c-58c3e28c98b9');
INSERT INTO `craft_migrations` (`id`, `pluginId`, `version`, `applyTime`, `dateCreated`, `dateUpdated`, `uid`) VALUES ('3', NULL, 'm140815_000001_add_format_to_transforms', '2015-09-15 12:10:53', '2015-09-15 12:10:53', '2015-09-15 12:10:53', '48d4c413-4e3a-4341-bedd-bb878e905207');
INSERT INTO `craft_migrations` (`id`, `pluginId`, `version`, `applyTime`, `dateCreated`, `dateUpdated`, `uid`) VALUES ('4', NULL, 'm140822_000001_allow_more_than_128_items_per_field', '2015-09-15 12:10:53', '2015-09-15 12:10:53', '2015-09-15 12:10:53', '8c09817d-5a97-4572-be86-d96f5cd8a0fc');
INSERT INTO `craft_migrations` (`id`, `pluginId`, `version`, `applyTime`, `dateCreated`, `dateUpdated`, `uid`) VALUES ('5', NULL, 'm140829_000001_single_title_formats', '2015-09-15 12:10:53', '2015-09-15 12:10:53', '2015-09-15 12:10:53', 'b5714f20-780f-4e0c-93a8-18d0df0b047e');
INSERT INTO `craft_migrations` (`id`, `pluginId`, `version`, `applyTime`, `dateCreated`, `dateUpdated`, `uid`) VALUES ('6', NULL, 'm140831_000001_extended_cache_keys', '2015-09-15 12:10:53', '2015-09-15 12:10:53', '2015-09-15 12:10:53', 'e57a597c-008f-4de1-a3f1-bb77599c0997');
INSERT INTO `craft_migrations` (`id`, `pluginId`, `version`, `applyTime`, `dateCreated`, `dateUpdated`, `uid`) VALUES ('7', NULL, 'm140922_000001_delete_orphaned_matrix_blocks', '2015-09-15 12:10:53', '2015-09-15 12:10:53', '2015-09-15 12:10:53', '0c7404bf-1e11-4a92-a86b-4d94aea3f0c8');
INSERT INTO `craft_migrations` (`id`, `pluginId`, `version`, `applyTime`, `dateCreated`, `dateUpdated`, `uid`) VALUES ('8', NULL, 'm141008_000001_elements_index_tune', '2015-09-15 12:10:53', '2015-09-15 12:10:53', '2015-09-15 12:10:53', '40e2a517-3521-4ffe-8846-4530d1a118e6');
INSERT INTO `craft_migrations` (`id`, `pluginId`, `version`, `applyTime`, `dateCreated`, `dateUpdated`, `uid`) VALUES ('9', NULL, 'm141009_000001_assets_source_handle', '2015-09-15 12:10:53', '2015-09-15 12:10:53', '2015-09-15 12:10:53', '8b045e48-a9a8-4a3d-a2cd-046673fd450c');
INSERT INTO `craft_migrations` (`id`, `pluginId`, `version`, `applyTime`, `dateCreated`, `dateUpdated`, `uid`) VALUES ('10', NULL, 'm141024_000001_field_layout_tabs', '2015-09-15 12:10:53', '2015-09-15 12:10:53', '2015-09-15 12:10:53', '7379d9a2-eb58-4e40-b531-9818e66344d8');
INSERT INTO `craft_migrations` (`id`, `pluginId`, `version`, `applyTime`, `dateCreated`, `dateUpdated`, `uid`) VALUES ('11', NULL, 'm141030_000001_drop_structure_move_permission', '2015-09-15 12:10:53', '2015-09-15 12:10:53', '2015-09-15 12:10:53', 'aa090426-1be9-4093-afe5-d3461ae003c8');
INSERT INTO `craft_migrations` (`id`, `pluginId`, `version`, `applyTime`, `dateCreated`, `dateUpdated`, `uid`) VALUES ('12', NULL, 'm141103_000001_tag_titles', '2015-09-15 12:10:53', '2015-09-15 12:10:53', '2015-09-15 12:10:53', '767bc6fe-9917-43dc-8cf9-47d0ff8910d3');
INSERT INTO `craft_migrations` (`id`, `pluginId`, `version`, `applyTime`, `dateCreated`, `dateUpdated`, `uid`) VALUES ('13', NULL, 'm141109_000001_user_status_shuffle', '2015-09-15 12:10:53', '2015-09-15 12:10:53', '2015-09-15 12:10:53', '09575852-fd1c-4e0b-8e78-0e4012c94d83');
INSERT INTO `craft_migrations` (`id`, `pluginId`, `version`, `applyTime`, `dateCreated`, `dateUpdated`, `uid`) VALUES ('14', NULL, 'm141126_000001_user_week_start_day', '2015-09-15 12:10:53', '2015-09-15 12:10:53', '2015-09-15 12:10:53', 'b20e4f20-a35d-48b1-965b-f1973f4a882f');
INSERT INTO `craft_migrations` (`id`, `pluginId`, `version`, `applyTime`, `dateCreated`, `dateUpdated`, `uid`) VALUES ('15', NULL, 'm150210_000001_adjust_user_photo_size', '2015-09-15 12:10:53', '2015-09-15 12:10:53', '2015-09-15 12:10:53', '49da60e0-9e05-487d-b76b-6bf8d3fba19b');
INSERT INTO `craft_migrations` (`id`, `pluginId`, `version`, `applyTime`, `dateCreated`, `dateUpdated`, `uid`) VALUES ('16', '1', 'm150324_000002_comments_addVotesAndFlagsTable', '2015-09-18 09:14:49', '2015-09-18 09:14:49', '2015-09-18 09:14:49', 'ddc10d23-eaf1-49ae-938d-173618095b03');
INSERT INTO `craft_migrations` (`id`, `pluginId`, `version`, `applyTime`, `dateCreated`, `dateUpdated`, `uid`) VALUES ('17', '1', 'm150324_000004_comments_supportElements', '2015-09-18 09:14:49', '2015-09-18 09:14:49', '2015-09-18 09:14:49', '5a59b26d-3df6-4181-96fd-442447968ccc');



DROP TABLE IF EXISTS `craft_plugins`;


--
-- Schema for table `craft_plugins`
--
CREATE TABLE `craft_plugins` (
  `id` int(11) NOT NULL AUTO_INCREMENT,
  `class` varchar(150) COLLATE utf8_unicode_ci NOT NULL,
  `version` char(15) COLLATE utf8_unicode_ci NOT NULL,
  `enabled` tinyint(1) unsigned NOT NULL DEFAULT '0',
  `settings` text COLLATE utf8_unicode_ci,
  `installDate` datetime NOT NULL,
  `dateCreated` datetime NOT NULL,
  `dateUpdated` datetime NOT NULL,
  `uid` char(36) COLLATE utf8_unicode_ci NOT NULL DEFAULT '0',
  PRIMARY KEY (`id`)
) ENGINE=InnoDB AUTO_INCREMENT=5 DEFAULT CHARSET=utf8 COLLATE=utf8_unicode_ci;

--
-- Data for table `craft_plugins`
--

INSERT INTO `craft_plugins` (`id`, `class`, `version`, `enabled`, `settings`, `installDate`, `dateCreated`, `dateUpdated`, `uid`) VALUES ('1', 'Comments', '0.3.7', '1', '{\"structureId\":\"1\",\"permissions\":null,\"closed\":null,\"flaggedCommentLimit\":\"5\",\"downvoteCommentLimit\":\"5\",\"autoCloseDays\":\"\",\"templateFolderOverride\":\"\",\"securityModeration\":\"sales\",\"securityBlacklist\":\"\",\"securityBanned\":\"\",\"securityFlooding\":\"60\"}', '2015-09-18 09:14:49', '2015-09-18 09:14:49', '2015-09-18 09:38:24', 'b256b53d-df8e-443a-9b54-ad76231ec12c');
INSERT INTO `craft_plugins` (`id`, `class`, `version`, `enabled`, `settings`, `installDate`, `dateCreated`, `dateUpdated`, `uid`) VALUES ('2', 'Venti', '0.9.2', '1', NULL, '2015-09-21 09:40:47', '2015-09-21 09:40:47', '2015-09-21 09:40:47', 'f2b1d1bc-1e58-480b-a550-b1817455fd55');
INSERT INTO `craft_plugins` (`id`, `class`, `version`, `enabled`, `settings`, `installDate`, `dateCreated`, `dateUpdated`, `uid`) VALUES ('3', 'Hacksaw', '1.0', '1', NULL, '2015-09-22 10:06:18', '2015-09-22 10:06:18', '2015-09-22 10:06:18', 'b6880f4f-8920-4234-98d6-054a9c662b64');
INSERT INTO `craft_plugins` (`id`, `class`, `version`, `enabled`, `settings`, `installDate`, `dateCreated`, `dateUpdated`, `uid`) VALUES ('4', 'Galleryoots', '1.0', '1', NULL, '2015-09-29 10:22:32', '2015-09-29 10:22:32', '2015-09-29 10:22:32', 'ea307332-c76e-4ce0-8428-033ccbd8168a');



DROP TABLE IF EXISTS `craft_rackspaceaccess`;


--
-- Schema for table `craft_rackspaceaccess`
--
CREATE TABLE `craft_rackspaceaccess` (
  `id` int(11) NOT NULL AUTO_INCREMENT,
  `connectionKey` varchar(255) COLLATE utf8_unicode_ci NOT NULL,
  `token` varchar(255) COLLATE utf8_unicode_ci NOT NULL,
  `storageUrl` varchar(255) COLLATE utf8_unicode_ci NOT NULL,
  `cdnUrl` varchar(255) COLLATE utf8_unicode_ci NOT NULL,
  `dateCreated` datetime NOT NULL,
  `dateUpdated` datetime NOT NULL,
  `uid` char(36) COLLATE utf8_unicode_ci NOT NULL DEFAULT '0',
  PRIMARY KEY (`id`),
  UNIQUE KEY `craft_rackspaceaccess_connectionKey_unq_idx` (`connectionKey`)
) ENGINE=InnoDB DEFAULT CHARSET=utf8 COLLATE=utf8_unicode_ci;

DROP TABLE IF EXISTS `craft_relations`;


--
-- Schema for table `craft_relations`
--
CREATE TABLE `craft_relations` (
  `id` int(11) NOT NULL AUTO_INCREMENT,
  `fieldId` int(11) NOT NULL,
  `sourceId` int(11) NOT NULL,
  `sourceLocale` char(12) COLLATE utf8_unicode_ci DEFAULT NULL,
  `targetId` int(11) NOT NULL,
  `sortOrder` smallint(6) DEFAULT NULL,
  `dateCreated` datetime NOT NULL,
  `dateUpdated` datetime NOT NULL,
  `uid` char(36) COLLATE utf8_unicode_ci NOT NULL DEFAULT '0',
  PRIMARY KEY (`id`),
  UNIQUE KEY `craft_relations_fieldId_sourceId_sourceLocale_targetId_unq_idx` (`fieldId`,`sourceId`,`sourceLocale`,`targetId`),
  KEY `craft_relations_sourceId_fk` (`sourceId`),
  KEY `craft_relations_sourceLocale_fk` (`sourceLocale`),
  KEY `craft_relations_targetId_fk` (`targetId`)
) ENGINE=InnoDB AUTO_INCREMENT=65 DEFAULT CHARSET=utf8 COLLATE=utf8_unicode_ci;

--
-- Data for table `craft_relations`
--

INSERT INTO `craft_relations` (`id`, `fieldId`, `sourceId`, `sourceLocale`, `targetId`, `sortOrder`, `dateCreated`, `dateUpdated`, `uid`) VALUES ('6', '3', '16', NULL, '15', '1', '2015-09-15 14:44:11', '2015-09-15 14:44:11', '701a6c77-bd55-40c7-9381-6c143701ae5f');
INSERT INTO `craft_relations` (`id`, `fieldId`, `sourceId`, `sourceLocale`, `targetId`, `sortOrder`, `dateCreated`, `dateUpdated`, `uid`) VALUES ('8', '3', '18', NULL, '17', '1', '2015-09-15 15:23:54', '2015-09-15 15:23:54', '7e5dced2-258c-47b1-978e-fbcad0097dec');
INSERT INTO `craft_relations` (`id`, `fieldId`, `sourceId`, `sourceLocale`, `targetId`, `sortOrder`, `dateCreated`, `dateUpdated`, `uid`) VALUES ('14', '4', '28', NULL, '30', '1', '2015-09-16 15:09:30', '2015-09-16 15:09:30', '95b18a83-7446-4c6a-815e-c05e81f82665');
INSERT INTO `craft_relations` (`id`, `fieldId`, `sourceId`, `sourceLocale`, `targetId`, `sortOrder`, `dateCreated`, `dateUpdated`, `uid`) VALUES ('20', '3', '42', NULL, '41', '1', '2015-09-20 17:10:33', '2015-09-20 17:10:33', '221c4a57-1fb4-4d46-83a1-790403c773c8');
INSERT INTO `craft_relations` (`id`, `fieldId`, `sourceId`, `sourceLocale`, `targetId`, `sortOrder`, `dateCreated`, `dateUpdated`, `uid`) VALUES ('30', '3', '62', NULL, '61', '1', '2015-09-20 17:19:10', '2015-09-20 17:19:10', '1e596eb2-234b-4e73-9a2d-ec06b74af6e2');
INSERT INTO `craft_relations` (`id`, `fieldId`, `sourceId`, `sourceLocale`, `targetId`, `sortOrder`, `dateCreated`, `dateUpdated`, `uid`) VALUES ('31', '3', '60', NULL, '59', '1', '2015-09-20 17:19:25', '2015-09-20 17:19:25', 'cc3e291b-3c44-43d6-94ff-c2d4b0579fb4');
INSERT INTO `craft_relations` (`id`, `fieldId`, `sourceId`, `sourceLocale`, `targetId`, `sortOrder`, `dateCreated`, `dateUpdated`, `uid`) VALUES ('32', '3', '44', NULL, '43', '1', '2015-09-20 17:20:13', '2015-09-20 17:20:13', 'd216d046-ae4e-4f83-bc34-3db26da55b40');
INSERT INTO `craft_relations` (`id`, `fieldId`, `sourceId`, `sourceLocale`, `targetId`, `sortOrder`, `dateCreated`, `dateUpdated`, `uid`) VALUES ('33', '3', '46', NULL, '45', '1', '2015-09-20 17:20:26', '2015-09-20 17:20:26', '123200ec-97b2-44a8-8095-2c285fdd62d7');
INSERT INTO `craft_relations` (`id`, `fieldId`, `sourceId`, `sourceLocale`, `targetId`, `sortOrder`, `dateCreated`, `dateUpdated`, `uid`) VALUES ('34', '3', '48', NULL, '47', '1', '2015-09-20 17:21:08', '2015-09-20 17:21:08', '76c3546a-c6f3-4613-8eac-294cc7311319');
INSERT INTO `craft_relations` (`id`, `fieldId`, `sourceId`, `sourceLocale`, `targetId`, `sortOrder`, `dateCreated`, `dateUpdated`, `uid`) VALUES ('35', '3', '50', NULL, '49', '1', '2015-09-20 17:21:34', '2015-09-20 17:21:34', 'a7bdbce2-fde3-457d-a88f-fdf1d6b1e805');
INSERT INTO `craft_relations` (`id`, `fieldId`, `sourceId`, `sourceLocale`, `targetId`, `sortOrder`, `dateCreated`, `dateUpdated`, `uid`) VALUES ('36', '3', '52', NULL, '51', '1', '2015-09-20 17:21:55', '2015-09-20 17:21:55', '4b11bc66-72ff-494c-8346-78a1144ece1a');
INSERT INTO `craft_relations` (`id`, `fieldId`, `sourceId`, `sourceLocale`, `targetId`, `sortOrder`, `dateCreated`, `dateUpdated`, `uid`) VALUES ('37', '3', '54', NULL, '53', '1', '2015-09-20 17:22:21', '2015-09-20 17:22:21', 'e6a74711-f970-4f88-b139-f9fa55f4ebcd');
INSERT INTO `craft_relations` (`id`, `fieldId`, `sourceId`, `sourceLocale`, `targetId`, `sortOrder`, `dateCreated`, `dateUpdated`, `uid`) VALUES ('38', '3', '56', NULL, '55', '1', '2015-09-20 17:22:38', '2015-09-20 17:22:38', 'e45ac5ee-8560-44ff-a1ca-c29693e07141');
INSERT INTO `craft_relations` (`id`, `fieldId`, `sourceId`, `sourceLocale`, `targetId`, `sortOrder`, `dateCreated`, `dateUpdated`, `uid`) VALUES ('39', '3', '58', NULL, '57', '1', '2015-09-20 17:23:11', '2015-09-20 17:23:11', '5f94f88d-8790-455c-9bcc-cba72ec5db17');
INSERT INTO `craft_relations` (`id`, `fieldId`, `sourceId`, `sourceLocale`, `targetId`, `sortOrder`, `dateCreated`, `dateUpdated`, `uid`) VALUES ('40', '3', '35', NULL, '34', '1', '2015-09-20 17:24:11', '2015-09-20 17:24:11', 'e8995bf5-f461-42c3-9554-3f48777341e0');
INSERT INTO `craft_relations` (`id`, `fieldId`, `sourceId`, `sourceLocale`, `targetId`, `sortOrder`, `dateCreated`, `dateUpdated`, `uid`) VALUES ('41', '3', '27', NULL, '26', '1', '2015-09-20 17:24:35', '2015-09-20 17:24:35', 'b6affe8b-8c78-4f4e-aafe-34927a57bd02');
INSERT INTO `craft_relations` (`id`, `fieldId`, `sourceId`, `sourceLocale`, `targetId`, `sortOrder`, `dateCreated`, `dateUpdated`, `uid`) VALUES ('42', '3', '12', NULL, '11', '1', '2015-09-20 17:24:54', '2015-09-20 17:24:54', '50882d07-f4a1-4c85-b30f-b0426c3266ff');
INSERT INTO `craft_relations` (`id`, `fieldId`, `sourceId`, `sourceLocale`, `targetId`, `sortOrder`, `dateCreated`, `dateUpdated`, `uid`) VALUES ('43', '3', '33', NULL, '32', '1', '2015-09-20 17:25:21', '2015-09-20 17:25:21', 'a7574f1c-cf0d-4177-b710-d77ccaabae05');
INSERT INTO `craft_relations` (`id`, `fieldId`, `sourceId`, `sourceLocale`, `targetId`, `sortOrder`, `dateCreated`, `dateUpdated`, `uid`) VALUES ('44', '3', '25', NULL, '24', '1', '2015-09-20 17:26:01', '2015-09-20 17:26:01', '238cc491-a187-4b37-afea-40d72c98fb3f');
INSERT INTO `craft_relations` (`id`, `fieldId`, `sourceId`, `sourceLocale`, `targetId`, `sortOrder`, `dateCreated`, `dateUpdated`, `uid`) VALUES ('51', '3', '5', NULL, '122', '1', '2015-09-21 20:17:56', '2015-09-21 20:17:56', 'ef11ef27-ee2c-4fde-8376-cc574fb0cef4');
INSERT INTO `craft_relations` (`id`, `fieldId`, `sourceId`, `sourceLocale`, `targetId`, `sortOrder`, `dateCreated`, `dateUpdated`, `uid`) VALUES ('53', '3', '128', NULL, '127', '1', '2015-09-29 14:22:08', '2015-09-29 14:22:08', '21bef79d-97fb-4e47-a4ef-a00bb3dad712');
INSERT INTO `craft_relations` (`id`, `fieldId`, `sourceId`, `sourceLocale`, `targetId`, `sortOrder`, `dateCreated`, `dateUpdated`, `uid`) VALUES ('54', '3', '8', NULL, '131', '1', '2015-09-30 13:19:16', '2015-09-30 13:19:16', '3cb662e8-bf5e-42a3-828f-d942c3180bf4');
INSERT INTO `craft_relations` (`id`, `fieldId`, `sourceId`, `sourceLocale`, `targetId`, `sortOrder`, `dateCreated`, `dateUpdated`, `uid`) VALUES ('56', '3', '10', NULL, '132', '1', '2015-09-30 13:44:57', '2015-09-30 13:44:57', '9b834eed-850d-4aef-b5f6-afd8860767ad');
INSERT INTO `craft_relations` (`id`, `fieldId`, `sourceId`, `sourceLocale`, `targetId`, `sortOrder`, `dateCreated`, `dateUpdated`, `uid`) VALUES ('58', '3', '23', NULL, '22', '1', '2015-09-30 13:46:29', '2015-09-30 13:46:29', 'bd99985c-5bba-4a90-8c6e-c10c3014aef3');
INSERT INTO `craft_relations` (`id`, `fieldId`, `sourceId`, `sourceLocale`, `targetId`, `sortOrder`, `dateCreated`, `dateUpdated`, `uid`) VALUES ('59', '3', '120', NULL, '134', '1', '2015-09-30 13:48:29', '2015-09-30 13:48:29', 'a389844e-506f-4e12-96f2-60e65122bb61');
INSERT INTO `craft_relations` (`id`, `fieldId`, `sourceId`, `sourceLocale`, `targetId`, `sortOrder`, `dateCreated`, `dateUpdated`, `uid`) VALUES ('60', '3', '136', NULL, '135', '1', '2015-10-11 10:25:13', '2015-10-11 10:25:13', '8e6bc6b3-ead1-420a-88f8-aa26ceb418d3');
INSERT INTO `craft_relations` (`id`, `fieldId`, `sourceId`, `sourceLocale`, `targetId`, `sortOrder`, `dateCreated`, `dateUpdated`, `uid`) VALUES ('61', '3', '138', NULL, '137', '1', '2015-10-13 13:26:06', '2015-10-13 13:26:06', '282c5f6d-24df-4339-8a7b-5e8aeb27a3fd');
INSERT INTO `craft_relations` (`id`, `fieldId`, `sourceId`, `sourceLocale`, `targetId`, `sortOrder`, `dateCreated`, `dateUpdated`, `uid`) VALUES ('63', '4', '2', NULL, '63', '1', '2015-10-15 14:54:47', '2015-10-15 14:54:47', '44fe2fae-f9eb-43cb-a1f2-ad577c4cefcf');
INSERT INTO `craft_relations` (`id`, `fieldId`, `sourceId`, `sourceLocale`, `targetId`, `sortOrder`, `dateCreated`, `dateUpdated`, `uid`) VALUES ('64', '3', '140', NULL, '139', '1', '2015-10-15 15:02:26', '2015-10-15 15:02:26', '081923d5-a814-4aae-a670-3c443ee62a74');



DROP TABLE IF EXISTS `craft_routes`;


--
-- Schema for table `craft_routes`
--
CREATE TABLE `craft_routes` (
  `id` int(11) NOT NULL AUTO_INCREMENT,
  `locale` char(12) COLLATE utf8_unicode_ci DEFAULT NULL,
  `urlParts` varchar(255) COLLATE utf8_unicode_ci NOT NULL,
  `urlPattern` varchar(255) COLLATE utf8_unicode_ci NOT NULL,
  `template` varchar(255) COLLATE utf8_unicode_ci NOT NULL,
  `sortOrder` tinyint(4) DEFAULT NULL,
  `dateCreated` datetime NOT NULL,
  `dateUpdated` datetime NOT NULL,
  `uid` char(36) COLLATE utf8_unicode_ci NOT NULL DEFAULT '0',
  PRIMARY KEY (`id`),
  UNIQUE KEY `craft_routes_urlPattern_unq_idx` (`urlPattern`),
  KEY `craft_routes_locale_idx` (`locale`)
) ENGINE=InnoDB DEFAULT CHARSET=utf8 COLLATE=utf8_unicode_ci;

DROP TABLE IF EXISTS `craft_searchindex`;


--
-- Schema for table `craft_searchindex`
--
CREATE TABLE `craft_searchindex` (
  `elementId` int(11) NOT NULL,
  `attribute` varchar(25) COLLATE utf8_unicode_ci NOT NULL,
  `fieldId` int(11) NOT NULL,
  `locale` char(12) COLLATE utf8_unicode_ci NOT NULL,
  `keywords` text COLLATE utf8_unicode_ci NOT NULL,
  PRIMARY KEY (`elementId`,`attribute`,`fieldId`,`locale`),
  FULLTEXT KEY `craft_searchindex_keywords_idx` (`keywords`)
) ENGINE=MyISAM DEFAULT CHARSET=utf8 COLLATE=utf8_unicode_ci;

--
-- Data for table `craft_searchindex`
--

INSERT INTO `craft_searchindex` (`elementId`, `attribute`, `fieldId`, `locale`, `keywords`) VALUES ('1', 'username', '0', 'nl', ' host ');
INSERT INTO `craft_searchindex` (`elementId`, `attribute`, `fieldId`, `locale`, `keywords`) VALUES ('1', 'firstname', '0', 'nl', ' evin ');
INSERT INTO `craft_searchindex` (`elementId`, `attribute`, `fieldId`, `locale`, `keywords`) VALUES ('1', 'lastname', '0', 'nl', ' wijninga ');
INSERT INTO `craft_searchindex` (`elementId`, `attribute`, `fieldId`, `locale`, `keywords`) VALUES ('1', 'fullname', '0', 'nl', ' evin wijninga ');
INSERT INTO `craft_searchindex` (`elementId`, `attribute`, `fieldId`, `locale`, `keywords`) VALUES ('1', 'email', '0', 'nl', ' e d wijninga gmail com ');
INSERT INTO `craft_searchindex` (`elementId`, `attribute`, `fieldId`, `locale`, `keywords`) VALUES ('1', 'slug', '0', 'nl', '');
INSERT INTO `craft_searchindex` (`elementId`, `attribute`, `fieldId`, `locale`, `keywords`) VALUES ('2', 'field', '1', 'nl', ' on this site i will collect all the inquisimunda documents i can find as well as post my work on warbands scenario s and terrain the inquisimunda rules are fan made adoptations on games workshop s necromunda many thanks go to jeremy who hosts the inquisimunda 1 0 files on http empireofghosts blogspot nl p inquisimunda resources html as well as to the community on yaktribe org who work on the inquisimunda 2 0 rules ');
INSERT INTO `craft_searchindex` (`elementId`, `attribute`, `fieldId`, `locale`, `keywords`) VALUES ('64', 'filename', '0', 'nl', ' 12002993_10153630423157065_7986407149139096624_n jpg ');
INSERT INTO `craft_searchindex` (`elementId`, `attribute`, `fieldId`, `locale`, `keywords`) VALUES ('4', 'field', '1', 'nl', ' well we have launched the site still working on the content people ');
INSERT INTO `craft_searchindex` (`elementId`, `attribute`, `fieldId`, `locale`, `keywords`) VALUES ('2', 'slug', '0', 'nl', ' homepage ');
INSERT INTO `craft_searchindex` (`elementId`, `attribute`, `fieldId`, `locale`, `keywords`) VALUES ('2', 'title', '0', 'nl', ' home ');
INSERT INTO `craft_searchindex` (`elementId`, `attribute`, `fieldId`, `locale`, `keywords`) VALUES ('36', 'kind', '0', 'nl', ' image ');
INSERT INTO `craft_searchindex` (`elementId`, `attribute`, `fieldId`, `locale`, `keywords`) VALUES ('36', 'slug', '0', 'nl', '');
INSERT INTO `craft_searchindex` (`elementId`, `attribute`, `fieldId`, `locale`, `keywords`) VALUES ('36', 'title', '0', 'nl', ' 12006727 10153236170258215 1954393402 o ');
INSERT INTO `craft_searchindex` (`elementId`, `attribute`, `fieldId`, `locale`, `keywords`) VALUES ('37', 'filename', '0', 'nl', ' 12015383_10153236170153215_392725206_o jpg ');
INSERT INTO `craft_searchindex` (`elementId`, `attribute`, `fieldId`, `locale`, `keywords`) VALUES ('37', 'extension', '0', 'nl', ' jpg ');
INSERT INTO `craft_searchindex` (`elementId`, `attribute`, `fieldId`, `locale`, `keywords`) VALUES ('37', 'kind', '0', 'nl', ' image ');
INSERT INTO `craft_searchindex` (`elementId`, `attribute`, `fieldId`, `locale`, `keywords`) VALUES ('37', 'slug', '0', 'nl', '');
INSERT INTO `craft_searchindex` (`elementId`, `attribute`, `fieldId`, `locale`, `keywords`) VALUES ('37', 'title', '0', 'nl', ' 12015383 10153236170153215 392725206 o ');
INSERT INTO `craft_searchindex` (`elementId`, `attribute`, `fieldId`, `locale`, `keywords`) VALUES ('38', 'filename', '0', 'nl', ' 12022193_10153236170338215_514675662_o jpg ');
INSERT INTO `craft_searchindex` (`elementId`, `attribute`, `fieldId`, `locale`, `keywords`) VALUES ('38', 'extension', '0', 'nl', ' jpg ');
INSERT INTO `craft_searchindex` (`elementId`, `attribute`, `fieldId`, `locale`, `keywords`) VALUES ('36', 'extension', '0', 'nl', ' jpg ');
INSERT INTO `craft_searchindex` (`elementId`, `attribute`, `fieldId`, `locale`, `keywords`) VALUES ('36', 'filename', '0', 'nl', ' 12006727_10153236170258215_1954393402_o jpg ');
INSERT INTO `craft_searchindex` (`elementId`, `attribute`, `fieldId`, `locale`, `keywords`) VALUES ('4', 'field', '2', 'nl', '');
INSERT INTO `craft_searchindex` (`elementId`, `attribute`, `fieldId`, `locale`, `keywords`) VALUES ('4', 'slug', '0', 'nl', ' the site is launched ');
INSERT INTO `craft_searchindex` (`elementId`, `attribute`, `fieldId`, `locale`, `keywords`) VALUES ('4', 'title', '0', 'nl', ' the site is launched ');
INSERT INTO `craft_searchindex` (`elementId`, `attribute`, `fieldId`, `locale`, `keywords`) VALUES ('5', 'slug', '0', 'nl', ' black chimera down ');
INSERT INTO `craft_searchindex` (`elementId`, `attribute`, `fieldId`, `locale`, `keywords`) VALUES ('5', 'title', '0', 'nl', ' black chimera down ');
INSERT INTO `craft_searchindex` (`elementId`, `attribute`, `fieldId`, `locale`, `keywords`) VALUES ('6', 'filename', '0', 'nl', ' scenario 1 pdf ');
INSERT INTO `craft_searchindex` (`elementId`, `attribute`, `fieldId`, `locale`, `keywords`) VALUES ('6', 'extension', '0', 'nl', ' pdf ');
INSERT INTO `craft_searchindex` (`elementId`, `attribute`, `fieldId`, `locale`, `keywords`) VALUES ('6', 'kind', '0', 'nl', ' pdf ');
INSERT INTO `craft_searchindex` (`elementId`, `attribute`, `fieldId`, `locale`, `keywords`) VALUES ('6', 'slug', '0', 'nl', '');
INSERT INTO `craft_searchindex` (`elementId`, `attribute`, `fieldId`, `locale`, `keywords`) VALUES ('6', 'title', '0', 'nl', ' scenario 1 ');
INSERT INTO `craft_searchindex` (`elementId`, `attribute`, `fieldId`, `locale`, `keywords`) VALUES ('5', 'field', '1', 'nl', ' an imperial guard chimera has broken down can you save the wounded driver ');
INSERT INTO `craft_searchindex` (`elementId`, `attribute`, `fieldId`, `locale`, `keywords`) VALUES ('5', 'field', '3', 'nl', ' scenario 1 black chimera down ');
INSERT INTO `craft_searchindex` (`elementId`, `attribute`, `fieldId`, `locale`, `keywords`) VALUES ('7', 'filename', '0', 'nl', ' scenario 2 pdf ');
INSERT INTO `craft_searchindex` (`elementId`, `attribute`, `fieldId`, `locale`, `keywords`) VALUES ('7', 'extension', '0', 'nl', ' pdf ');
INSERT INTO `craft_searchindex` (`elementId`, `attribute`, `fieldId`, `locale`, `keywords`) VALUES ('7', 'kind', '0', 'nl', ' pdf ');
INSERT INTO `craft_searchindex` (`elementId`, `attribute`, `fieldId`, `locale`, `keywords`) VALUES ('7', 'slug', '0', 'nl', '');
INSERT INTO `craft_searchindex` (`elementId`, `attribute`, `fieldId`, `locale`, `keywords`) VALUES ('7', 'title', '0', 'nl', ' scenario 2 ');
INSERT INTO `craft_searchindex` (`elementId`, `attribute`, `fieldId`, `locale`, `keywords`) VALUES ('8', 'field', '1', 'nl', ' find your way to the fans that offer access to the lower area s ');
INSERT INTO `craft_searchindex` (`elementId`, `attribute`, `fieldId`, `locale`, `keywords`) VALUES ('8', 'field', '3', 'nl', ' scenario 2 through the fans ');
INSERT INTO `craft_searchindex` (`elementId`, `attribute`, `fieldId`, `locale`, `keywords`) VALUES ('8', 'slug', '0', 'nl', ' through the fans ');
INSERT INTO `craft_searchindex` (`elementId`, `attribute`, `fieldId`, `locale`, `keywords`) VALUES ('8', 'title', '0', 'nl', ' through the fans ');
INSERT INTO `craft_searchindex` (`elementId`, `attribute`, `fieldId`, `locale`, `keywords`) VALUES ('9', 'filename', '0', 'nl', ' scenario 3 pdf ');
INSERT INTO `craft_searchindex` (`elementId`, `attribute`, `fieldId`, `locale`, `keywords`) VALUES ('9', 'extension', '0', 'nl', ' pdf ');
INSERT INTO `craft_searchindex` (`elementId`, `attribute`, `fieldId`, `locale`, `keywords`) VALUES ('9', 'kind', '0', 'nl', ' pdf ');
INSERT INTO `craft_searchindex` (`elementId`, `attribute`, `fieldId`, `locale`, `keywords`) VALUES ('9', 'slug', '0', 'nl', '');
INSERT INTO `craft_searchindex` (`elementId`, `attribute`, `fieldId`, `locale`, `keywords`) VALUES ('9', 'title', '0', 'nl', ' scenario 3 ');
INSERT INTO `craft_searchindex` (`elementId`, `attribute`, `fieldId`, `locale`, `keywords`) VALUES ('10', 'field', '1', 'nl', ' after travelling through the dark tunnels you finally rmake your way to the upper area s however your warband is split and the enemy is in sight ');
INSERT INTO `craft_searchindex` (`elementId`, `attribute`, `fieldId`, `locale`, `keywords`) VALUES ('10', 'field', '3', 'nl', ' scenario 3 out of the dark ');
INSERT INTO `craft_searchindex` (`elementId`, `attribute`, `fieldId`, `locale`, `keywords`) VALUES ('10', 'slug', '0', 'nl', ' out of the dark ');
INSERT INTO `craft_searchindex` (`elementId`, `attribute`, `fieldId`, `locale`, `keywords`) VALUES ('10', 'title', '0', 'nl', ' out of the dark ');
INSERT INTO `craft_searchindex` (`elementId`, `attribute`, `fieldId`, `locale`, `keywords`) VALUES ('11', 'filename', '0', 'nl', ' inquisimunda inquisition cells final pdf ');
INSERT INTO `craft_searchindex` (`elementId`, `attribute`, `fieldId`, `locale`, `keywords`) VALUES ('11', 'extension', '0', 'nl', ' pdf ');
INSERT INTO `craft_searchindex` (`elementId`, `attribute`, `fieldId`, `locale`, `keywords`) VALUES ('11', 'kind', '0', 'nl', ' pdf ');
INSERT INTO `craft_searchindex` (`elementId`, `attribute`, `fieldId`, `locale`, `keywords`) VALUES ('11', 'slug', '0', 'nl', '');
INSERT INTO `craft_searchindex` (`elementId`, `attribute`, `fieldId`, `locale`, `keywords`) VALUES ('11', 'title', '0', 'nl', ' inquisimunda inquisition cells final ');
INSERT INTO `craft_searchindex` (`elementId`, `attribute`, `fieldId`, `locale`, `keywords`) VALUES ('12', 'field', '1', 'nl', ' the final 2 0 rules for the inquisiton cell are finally available ');
INSERT INTO `craft_searchindex` (`elementId`, `attribute`, `fieldId`, `locale`, `keywords`) VALUES ('12', 'field', '3', 'nl', ' inquisimunda inquisition cells final ');
INSERT INTO `craft_searchindex` (`elementId`, `attribute`, `fieldId`, `locale`, `keywords`) VALUES ('12', 'slug', '0', 'nl', ' inquisition cell ');
INSERT INTO `craft_searchindex` (`elementId`, `attribute`, `fieldId`, `locale`, `keywords`) VALUES ('12', 'title', '0', 'nl', ' inquisition cell ');
INSERT INTO `craft_searchindex` (`elementId`, `attribute`, `fieldId`, `locale`, `keywords`) VALUES ('13', 'filename', '0', 'nl', ' facebook banner gif ');
INSERT INTO `craft_searchindex` (`elementId`, `attribute`, `fieldId`, `locale`, `keywords`) VALUES ('13', 'extension', '0', 'nl', ' gif ');
INSERT INTO `craft_searchindex` (`elementId`, `attribute`, `fieldId`, `locale`, `keywords`) VALUES ('13', 'kind', '0', 'nl', ' image ');
INSERT INTO `craft_searchindex` (`elementId`, `attribute`, `fieldId`, `locale`, `keywords`) VALUES ('13', 'slug', '0', 'nl', '');
INSERT INTO `craft_searchindex` (`elementId`, `attribute`, `fieldId`, `locale`, `keywords`) VALUES ('13', 'title', '0', 'nl', ' facebook banner ');
INSERT INTO `craft_searchindex` (`elementId`, `attribute`, `fieldId`, `locale`, `keywords`) VALUES ('14', 'field', '1', 'nl', ' we will be at the ducosim convention in amersfoort in the netherlands on the 19th of september for more information see the ducosim website ');
INSERT INTO `craft_searchindex` (`elementId`, `attribute`, `fieldId`, `locale`, `keywords`) VALUES ('14', 'field', '2', 'nl', '');
INSERT INTO `craft_searchindex` (`elementId`, `attribute`, `fieldId`, `locale`, `keywords`) VALUES ('14', 'slug', '0', 'nl', ' we will be at the ducosim convention in the netherlands ');
INSERT INTO `craft_searchindex` (`elementId`, `attribute`, `fieldId`, `locale`, `keywords`) VALUES ('14', 'title', '0', 'nl', ' we will be at the ducosim convention in the netherlands ');
INSERT INTO `craft_searchindex` (`elementId`, `attribute`, `fieldId`, `locale`, `keywords`) VALUES ('15', 'filename', '0', 'nl', ' inquisimunda_a5_booklet pdf ');
INSERT INTO `craft_searchindex` (`elementId`, `attribute`, `fieldId`, `locale`, `keywords`) VALUES ('15', 'extension', '0', 'nl', ' pdf ');
INSERT INTO `craft_searchindex` (`elementId`, `attribute`, `fieldId`, `locale`, `keywords`) VALUES ('15', 'kind', '0', 'nl', ' pdf ');
INSERT INTO `craft_searchindex` (`elementId`, `attribute`, `fieldId`, `locale`, `keywords`) VALUES ('15', 'slug', '0', 'nl', '');
INSERT INTO `craft_searchindex` (`elementId`, `attribute`, `fieldId`, `locale`, `keywords`) VALUES ('15', 'title', '0', 'nl', ' inquisimunda a5 booklet ');
INSERT INTO `craft_searchindex` (`elementId`, `attribute`, `fieldId`, `locale`, `keywords`) VALUES ('16', 'field', '1', 'nl', ' the compiled inquisimunda rules old version designed by dennis biegel current as of 8 5 11 ');
INSERT INTO `craft_searchindex` (`elementId`, `attribute`, `fieldId`, `locale`, `keywords`) VALUES ('16', 'field', '3', 'nl', ' inquisimunda a5 booklet ');
INSERT INTO `craft_searchindex` (`elementId`, `attribute`, `fieldId`, `locale`, `keywords`) VALUES ('16', 'slug', '0', 'nl', ' compiled inquisimunda rules old version ');
INSERT INTO `craft_searchindex` (`elementId`, `attribute`, `fieldId`, `locale`, `keywords`) VALUES ('16', 'title', '0', 'nl', ' compiled inquisimunda rules old version ');
INSERT INTO `craft_searchindex` (`elementId`, `attribute`, `fieldId`, `locale`, `keywords`) VALUES ('17', 'filename', '0', 'nl', ' nec community edition pdf ');
INSERT INTO `craft_searchindex` (`elementId`, `attribute`, `fieldId`, `locale`, `keywords`) VALUES ('17', 'extension', '0', 'nl', ' pdf ');
INSERT INTO `craft_searchindex` (`elementId`, `attribute`, `fieldId`, `locale`, `keywords`) VALUES ('17', 'kind', '0', 'nl', ' pdf ');
INSERT INTO `craft_searchindex` (`elementId`, `attribute`, `fieldId`, `locale`, `keywords`) VALUES ('17', 'slug', '0', 'nl', ' nec community edition ');
INSERT INTO `craft_searchindex` (`elementId`, `attribute`, `fieldId`, `locale`, `keywords`) VALUES ('17', 'title', '0', 'nl', ' nec community edition ');
INSERT INTO `craft_searchindex` (`elementId`, `attribute`, `fieldId`, `locale`, `keywords`) VALUES ('18', 'field', '1', 'nl', ' the necromunda community edition needed as the main game engine for inquisimunda ');
INSERT INTO `craft_searchindex` (`elementId`, `attribute`, `fieldId`, `locale`, `keywords`) VALUES ('18', 'field', '3', 'nl', ' nec community edition ');
INSERT INTO `craft_searchindex` (`elementId`, `attribute`, `fieldId`, `locale`, `keywords`) VALUES ('18', 'slug', '0', 'nl', ' necromunda community edititon large file 31mb ');
INSERT INTO `craft_searchindex` (`elementId`, `attribute`, `fieldId`, `locale`, `keywords`) VALUES ('18', 'title', '0', 'nl', ' necromunda community edititon large file may 2015 version ');
INSERT INTO `craft_searchindex` (`elementId`, `attribute`, `fieldId`, `locale`, `keywords`) VALUES ('20', 'filename', '0', 'nl', ' battlefleetgothicarmada hero jpg ');
INSERT INTO `craft_searchindex` (`elementId`, `attribute`, `fieldId`, `locale`, `keywords`) VALUES ('20', 'slug', '0', 'nl', '');
INSERT INTO `craft_searchindex` (`elementId`, `attribute`, `fieldId`, `locale`, `keywords`) VALUES ('20', 'extension', '0', 'nl', ' jpg ');
INSERT INTO `craft_searchindex` (`elementId`, `attribute`, `fieldId`, `locale`, `keywords`) VALUES ('20', 'kind', '0', 'nl', ' image ');
INSERT INTO `craft_searchindex` (`elementId`, `attribute`, `fieldId`, `locale`, `keywords`) VALUES ('20', 'title', '0', 'nl', ' battlefleetgothicarmada hero ');
INSERT INTO `craft_searchindex` (`elementId`, `attribute`, `fieldId`, `locale`, `keywords`) VALUES ('21', 'field', '1', 'nl', ' i m on it fixed it sadly the fix for images broke the download links for the documents the tech adepts are working on it again ');
INSERT INTO `craft_searchindex` (`elementId`, `attribute`, `fieldId`, `locale`, `keywords`) VALUES ('21', 'slug', '0', 'nl', ' known issue broken images in blog posts ');
INSERT INTO `craft_searchindex` (`elementId`, `attribute`, `fieldId`, `locale`, `keywords`) VALUES ('21', 'title', '0', 'nl', ' known issue broken images in blog posts ');
INSERT INTO `craft_searchindex` (`elementId`, `attribute`, `fieldId`, `locale`, `keywords`) VALUES ('22', 'filename', '0', 'nl', ' demoscenario pdf ');
INSERT INTO `craft_searchindex` (`elementId`, `attribute`, `fieldId`, `locale`, `keywords`) VALUES ('22', 'extension', '0', 'nl', ' pdf ');
INSERT INTO `craft_searchindex` (`elementId`, `attribute`, `fieldId`, `locale`, `keywords`) VALUES ('22', 'kind', '0', 'nl', ' pdf ');
INSERT INTO `craft_searchindex` (`elementId`, `attribute`, `fieldId`, `locale`, `keywords`) VALUES ('22', 'slug', '0', 'nl', '');
INSERT INTO `craft_searchindex` (`elementId`, `attribute`, `fieldId`, `locale`, `keywords`) VALUES ('22', 'title', '0', 'nl', ' demoscenario ');
INSERT INTO `craft_searchindex` (`elementId`, `attribute`, `fieldId`, `locale`, `keywords`) VALUES ('23', 'field', '1', 'nl', ' this scenario still needs some playtesting ');
INSERT INTO `craft_searchindex` (`elementId`, `attribute`, `fieldId`, `locale`, `keywords`) VALUES ('134', 'filename', '0', 'nl', ' scenario 4 the vindicare_1 pdf ');
INSERT INTO `craft_searchindex` (`elementId`, `attribute`, `fieldId`, `locale`, `keywords`) VALUES ('23', 'field', '3', 'nl', ' demoscenario ');
INSERT INTO `craft_searchindex` (`elementId`, `attribute`, `fieldId`, `locale`, `keywords`) VALUES ('23', 'slug', '0', 'nl', ' stop the summoning a participation demo game ');
INSERT INTO `craft_searchindex` (`elementId`, `attribute`, `fieldId`, `locale`, `keywords`) VALUES ('23', 'title', '0', 'nl', ' stop the summoning a participation demo game ');
INSERT INTO `craft_searchindex` (`elementId`, `attribute`, `fieldId`, `locale`, `keywords`) VALUES ('24', 'filename', '0', 'nl', ' inquisimunda 2 0 version 2 2 pdf ');
INSERT INTO `craft_searchindex` (`elementId`, `attribute`, `fieldId`, `locale`, `keywords`) VALUES ('24', 'extension', '0', 'nl', ' pdf ');
INSERT INTO `craft_searchindex` (`elementId`, `attribute`, `fieldId`, `locale`, `keywords`) VALUES ('24', 'kind', '0', 'nl', ' pdf ');
INSERT INTO `craft_searchindex` (`elementId`, `attribute`, `fieldId`, `locale`, `keywords`) VALUES ('24', 'slug', '0', 'nl', '');
INSERT INTO `craft_searchindex` (`elementId`, `attribute`, `fieldId`, `locale`, `keywords`) VALUES ('24', 'title', '0', 'nl', ' inquisimunda 2 0 version 2 2 ');
INSERT INTO `craft_searchindex` (`elementId`, `attribute`, `fieldId`, `locale`, `keywords`) VALUES ('25', 'field', '1', 'nl', ' this is the work in progress version of inquisimunda 2 0 from the guys at the yaktribe inquisimunda board ');
INSERT INTO `craft_searchindex` (`elementId`, `attribute`, `fieldId`, `locale`, `keywords`) VALUES ('25', 'field', '3', 'nl', ' inquisimunda 2 0 version 2 2 ');
INSERT INTO `craft_searchindex` (`elementId`, `attribute`, `fieldId`, `locale`, `keywords`) VALUES ('25', 'slug', '0', 'nl', ' inquisimunda 2 0 version 2 2 wip ');
INSERT INTO `craft_searchindex` (`elementId`, `attribute`, `fieldId`, `locale`, `keywords`) VALUES ('25', 'title', '0', 'nl', ' inquisimunda 2 0 version 2 2 wip ');
INSERT INTO `craft_searchindex` (`elementId`, `attribute`, `fieldId`, `locale`, `keywords`) VALUES ('26', 'filename', '0', 'nl', ' inquisimunda v2 0 admech warband 1 0 pdf ');
INSERT INTO `craft_searchindex` (`elementId`, `attribute`, `fieldId`, `locale`, `keywords`) VALUES ('26', 'extension', '0', 'nl', ' pdf ');
INSERT INTO `craft_searchindex` (`elementId`, `attribute`, `fieldId`, `locale`, `keywords`) VALUES ('26', 'kind', '0', 'nl', ' pdf ');
INSERT INTO `craft_searchindex` (`elementId`, `attribute`, `fieldId`, `locale`, `keywords`) VALUES ('26', 'slug', '0', 'nl', '');
INSERT INTO `craft_searchindex` (`elementId`, `attribute`, `fieldId`, `locale`, `keywords`) VALUES ('26', 'title', '0', 'nl', ' inquisimunda v2 0 admech warband 1 0 ');
INSERT INTO `craft_searchindex` (`elementId`, `attribute`, `fieldId`, `locale`, `keywords`) VALUES ('27', 'field', '1', 'nl', ' the 1 0 version of the new adeptus mechanicus warband ');
INSERT INTO `craft_searchindex` (`elementId`, `attribute`, `fieldId`, `locale`, `keywords`) VALUES ('27', 'field', '3', 'nl', ' inquisimunda v2 0 admech warband 1 0 ');
INSERT INTO `craft_searchindex` (`elementId`, `attribute`, `fieldId`, `locale`, `keywords`) VALUES ('27', 'slug', '0', 'nl', ' adeptus mechanicus ');
INSERT INTO `craft_searchindex` (`elementId`, `attribute`, `fieldId`, `locale`, `keywords`) VALUES ('27', 'title', '0', 'nl', ' adeptus mechanicus ');
INSERT INTO `craft_searchindex` (`elementId`, `attribute`, `fieldId`, `locale`, `keywords`) VALUES ('63', 'filename', '0', 'nl', ' logo_png png ');
INSERT INTO `craft_searchindex` (`elementId`, `attribute`, `fieldId`, `locale`, `keywords`) VALUES ('28', 'slug', '0', 'nl', '');
INSERT INTO `craft_searchindex` (`elementId`, `attribute`, `fieldId`, `locale`, `keywords`) VALUES ('28', 'field', '4', 'nl', ' librariuminquisimunda ');
INSERT INTO `craft_searchindex` (`elementId`, `attribute`, `fieldId`, `locale`, `keywords`) VALUES ('29', 'filename', '0', 'nl', ' retinue_header png ');
INSERT INTO `craft_searchindex` (`elementId`, `attribute`, `fieldId`, `locale`, `keywords`) VALUES ('29', 'extension', '0', 'nl', ' png ');
INSERT INTO `craft_searchindex` (`elementId`, `attribute`, `fieldId`, `locale`, `keywords`) VALUES ('29', 'kind', '0', 'nl', ' image ');
INSERT INTO `craft_searchindex` (`elementId`, `attribute`, `fieldId`, `locale`, `keywords`) VALUES ('29', 'slug', '0', 'nl', '');
INSERT INTO `craft_searchindex` (`elementId`, `attribute`, `fieldId`, `locale`, `keywords`) VALUES ('29', 'title', '0', 'nl', ' retinue header ');
INSERT INTO `craft_searchindex` (`elementId`, `attribute`, `fieldId`, `locale`, `keywords`) VALUES ('30', 'filename', '0', 'nl', ' librariuminquisimunda png ');
INSERT INTO `craft_searchindex` (`elementId`, `attribute`, `fieldId`, `locale`, `keywords`) VALUES ('30', 'extension', '0', 'nl', ' png ');
INSERT INTO `craft_searchindex` (`elementId`, `attribute`, `fieldId`, `locale`, `keywords`) VALUES ('30', 'kind', '0', 'nl', ' image ');
INSERT INTO `craft_searchindex` (`elementId`, `attribute`, `fieldId`, `locale`, `keywords`) VALUES ('30', 'slug', '0', 'nl', '');
INSERT INTO `craft_searchindex` (`elementId`, `attribute`, `fieldId`, `locale`, `keywords`) VALUES ('30', 'title', '0', 'nl', ' librariuminquisimunda ');
INSERT INTO `craft_searchindex` (`elementId`, `attribute`, `fieldId`, `locale`, `keywords`) VALUES ('31', 'filename', '0', 'nl', ' tech_priest_by_winterhall jpg ');
INSERT INTO `craft_searchindex` (`elementId`, `attribute`, `fieldId`, `locale`, `keywords`) VALUES ('31', 'extension', '0', 'nl', ' jpg ');
INSERT INTO `craft_searchindex` (`elementId`, `attribute`, `fieldId`, `locale`, `keywords`) VALUES ('31', 'kind', '0', 'nl', ' image ');
INSERT INTO `craft_searchindex` (`elementId`, `attribute`, `fieldId`, `locale`, `keywords`) VALUES ('31', 'slug', '0', 'nl', '');
INSERT INTO `craft_searchindex` (`elementId`, `attribute`, `fieldId`, `locale`, `keywords`) VALUES ('31', 'title', '0', 'nl', ' tech priest by winterhall ');
INSERT INTO `craft_searchindex` (`elementId`, `attribute`, `fieldId`, `locale`, `keywords`) VALUES ('32', 'filename', '0', 'nl', ' inquisimunda mutant mobs draft pdf ');
INSERT INTO `craft_searchindex` (`elementId`, `attribute`, `fieldId`, `locale`, `keywords`) VALUES ('32', 'extension', '0', 'nl', ' pdf ');
INSERT INTO `craft_searchindex` (`elementId`, `attribute`, `fieldId`, `locale`, `keywords`) VALUES ('32', 'kind', '0', 'nl', ' pdf ');
INSERT INTO `craft_searchindex` (`elementId`, `attribute`, `fieldId`, `locale`, `keywords`) VALUES ('32', 'slug', '0', 'nl', '');
INSERT INTO `craft_searchindex` (`elementId`, `attribute`, `fieldId`, `locale`, `keywords`) VALUES ('32', 'title', '0', 'nl', ' inquisimunda mutant mobs draft ');
INSERT INTO `craft_searchindex` (`elementId`, `attribute`, `fieldId`, `locale`, `keywords`) VALUES ('33', 'field', '1', 'nl', ' the inquisimunda 2 0 draft version of the mutant mob ');
INSERT INTO `craft_searchindex` (`elementId`, `attribute`, `fieldId`, `locale`, `keywords`) VALUES ('33', 'field', '3', 'nl', ' inquisimunda mutant mobs draft ');
INSERT INTO `craft_searchindex` (`elementId`, `attribute`, `fieldId`, `locale`, `keywords`) VALUES ('33', 'slug', '0', 'nl', ' mutant mob inquisimunda 2 0 draft ');
INSERT INTO `craft_searchindex` (`elementId`, `attribute`, `fieldId`, `locale`, `keywords`) VALUES ('33', 'title', '0', 'nl', ' mutant mob inquisimunda 2 0 draft ');
INSERT INTO `craft_searchindex` (`elementId`, `attribute`, `fieldId`, `locale`, `keywords`) VALUES ('34', 'filename', '0', 'nl', ' inquisimunda v2 0 arbites expuragtors warband 1 0 pdf ');
INSERT INTO `craft_searchindex` (`elementId`, `attribute`, `fieldId`, `locale`, `keywords`) VALUES ('34', 'extension', '0', 'nl', ' pdf ');
INSERT INTO `craft_searchindex` (`elementId`, `attribute`, `fieldId`, `locale`, `keywords`) VALUES ('34', 'kind', '0', 'nl', ' pdf ');
INSERT INTO `craft_searchindex` (`elementId`, `attribute`, `fieldId`, `locale`, `keywords`) VALUES ('34', 'slug', '0', 'nl', '');
INSERT INTO `craft_searchindex` (`elementId`, `attribute`, `fieldId`, `locale`, `keywords`) VALUES ('34', 'title', '0', 'nl', ' inquisimunda v2 0 arbites expuragtors warband 1 0 ');
INSERT INTO `craft_searchindex` (`elementId`, `attribute`, `fieldId`, `locale`, `keywords`) VALUES ('35', 'field', '1', 'nl', ' adeptus arbites expurgators warband ');
INSERT INTO `craft_searchindex` (`elementId`, `attribute`, `fieldId`, `locale`, `keywords`) VALUES ('35', 'field', '3', 'nl', ' inquisimunda v2 0 arbites expuragtors warband 1 0 ');
INSERT INTO `craft_searchindex` (`elementId`, `attribute`, `fieldId`, `locale`, `keywords`) VALUES ('35', 'slug', '0', 'nl', ' arbites expurgators ');
INSERT INTO `craft_searchindex` (`elementId`, `attribute`, `fieldId`, `locale`, `keywords`) VALUES ('35', 'title', '0', 'nl', ' arbites expurgators ');
INSERT INTO `craft_searchindex` (`elementId`, `attribute`, `fieldId`, `locale`, `keywords`) VALUES ('21', 'field', '5', 'nl', ' evin ');
INSERT INTO `craft_searchindex` (`elementId`, `attribute`, `fieldId`, `locale`, `keywords`) VALUES ('4', 'field', '5', 'nl', ' evin ');
INSERT INTO `craft_searchindex` (`elementId`, `attribute`, `fieldId`, `locale`, `keywords`) VALUES ('14', 'field', '5', 'nl', ' evin ');
INSERT INTO `craft_searchindex` (`elementId`, `attribute`, `fieldId`, `locale`, `keywords`) VALUES ('38', 'kind', '0', 'nl', ' image ');
INSERT INTO `craft_searchindex` (`elementId`, `attribute`, `fieldId`, `locale`, `keywords`) VALUES ('38', 'slug', '0', 'nl', '');
INSERT INTO `craft_searchindex` (`elementId`, `attribute`, `fieldId`, `locale`, `keywords`) VALUES ('38', 'title', '0', 'nl', ' 12022193 10153236170338215 514675662 o ');
INSERT INTO `craft_searchindex` (`elementId`, `attribute`, `fieldId`, `locale`, `keywords`) VALUES ('39', 'field', '5', 'nl', ' evin ');
INSERT INTO `craft_searchindex` (`elementId`, `attribute`, `fieldId`, `locale`, `keywords`) VALUES ('39', 'field', '1', 'nl', ' a few months ago i made three elevated walkways as a prototype for our games with the ducosim convention coming up i made another three and two crossways here are some pictures ');
INSERT INTO `craft_searchindex` (`elementId`, `attribute`, `fieldId`, `locale`, `keywords`) VALUES ('39', 'slug', '0', 'nl', ' elevated walkways for our games ');
INSERT INTO `craft_searchindex` (`elementId`, `attribute`, `fieldId`, `locale`, `keywords`) VALUES ('39', 'title', '0', 'nl', ' elevated walkways for our games ');
INSERT INTO `craft_searchindex` (`elementId`, `attribute`, `fieldId`, `locale`, `keywords`) VALUES ('40', 'slug', '0', 'nl', '');
INSERT INTO `craft_searchindex` (`elementId`, `attribute`, `fieldId`, `locale`, `keywords`) VALUES ('41', 'filename', '0', 'nl', ' inquisimunda chaos coven pdf ');
INSERT INTO `craft_searchindex` (`elementId`, `attribute`, `fieldId`, `locale`, `keywords`) VALUES ('41', 'extension', '0', 'nl', ' pdf ');
INSERT INTO `craft_searchindex` (`elementId`, `attribute`, `fieldId`, `locale`, `keywords`) VALUES ('41', 'kind', '0', 'nl', ' pdf ');
INSERT INTO `craft_searchindex` (`elementId`, `attribute`, `fieldId`, `locale`, `keywords`) VALUES ('41', 'slug', '0', 'nl', '');
INSERT INTO `craft_searchindex` (`elementId`, `attribute`, `fieldId`, `locale`, `keywords`) VALUES ('41', 'title', '0', 'nl', ' inquisimunda chaos coven ');
INSERT INTO `craft_searchindex` (`elementId`, `attribute`, `fieldId`, `locale`, `keywords`) VALUES ('42', 'field', '1', 'nl', ' the 2 0 chaos coven ');
INSERT INTO `craft_searchindex` (`elementId`, `attribute`, `fieldId`, `locale`, `keywords`) VALUES ('42', 'field', '3', 'nl', ' inquisimunda chaos coven ');
INSERT INTO `craft_searchindex` (`elementId`, `attribute`, `fieldId`, `locale`, `keywords`) VALUES ('42', 'slug', '0', 'nl', ' chaos coven ');
INSERT INTO `craft_searchindex` (`elementId`, `attribute`, `fieldId`, `locale`, `keywords`) VALUES ('42', 'title', '0', 'nl', ' chaos coven ');
INSERT INTO `craft_searchindex` (`elementId`, `attribute`, `fieldId`, `locale`, `keywords`) VALUES ('43', 'filename', '0', 'nl', ' inquisimunda dark eldar raiders pdf ');
INSERT INTO `craft_searchindex` (`elementId`, `attribute`, `fieldId`, `locale`, `keywords`) VALUES ('43', 'extension', '0', 'nl', ' pdf ');
INSERT INTO `craft_searchindex` (`elementId`, `attribute`, `fieldId`, `locale`, `keywords`) VALUES ('43', 'kind', '0', 'nl', ' pdf ');
INSERT INTO `craft_searchindex` (`elementId`, `attribute`, `fieldId`, `locale`, `keywords`) VALUES ('43', 'slug', '0', 'nl', '');
INSERT INTO `craft_searchindex` (`elementId`, `attribute`, `fieldId`, `locale`, `keywords`) VALUES ('43', 'title', '0', 'nl', ' inquisimunda dark eldar raiders ');
INSERT INTO `craft_searchindex` (`elementId`, `attribute`, `fieldId`, `locale`, `keywords`) VALUES ('44', 'field', '1', 'nl', ' the 2 0 dark eldar raiders ');
INSERT INTO `craft_searchindex` (`elementId`, `attribute`, `fieldId`, `locale`, `keywords`) VALUES ('44', 'field', '3', 'nl', ' inquisimunda dark eldar raiders ');
INSERT INTO `craft_searchindex` (`elementId`, `attribute`, `fieldId`, `locale`, `keywords`) VALUES ('44', 'slug', '0', 'nl', ' dark eldar raider ');
INSERT INTO `craft_searchindex` (`elementId`, `attribute`, `fieldId`, `locale`, `keywords`) VALUES ('44', 'title', '0', 'nl', ' dark eldar raider ');
INSERT INTO `craft_searchindex` (`elementId`, `attribute`, `fieldId`, `locale`, `keywords`) VALUES ('45', 'filename', '0', 'nl', ' inquisimunda ecclesiarchal delegation pdf ');
INSERT INTO `craft_searchindex` (`elementId`, `attribute`, `fieldId`, `locale`, `keywords`) VALUES ('45', 'extension', '0', 'nl', ' pdf ');
INSERT INTO `craft_searchindex` (`elementId`, `attribute`, `fieldId`, `locale`, `keywords`) VALUES ('45', 'kind', '0', 'nl', ' pdf ');
INSERT INTO `craft_searchindex` (`elementId`, `attribute`, `fieldId`, `locale`, `keywords`) VALUES ('45', 'slug', '0', 'nl', '');
INSERT INTO `craft_searchindex` (`elementId`, `attribute`, `fieldId`, `locale`, `keywords`) VALUES ('45', 'title', '0', 'nl', ' inquisimunda ecclesiarchal delegation ');
INSERT INTO `craft_searchindex` (`elementId`, `attribute`, `fieldId`, `locale`, `keywords`) VALUES ('46', 'field', '1', 'nl', ' the 2 0 ecclesiarchal delegation ');
INSERT INTO `craft_searchindex` (`elementId`, `attribute`, `fieldId`, `locale`, `keywords`) VALUES ('46', 'field', '3', 'nl', ' inquisimunda ecclesiarchal delegation ');
INSERT INTO `craft_searchindex` (`elementId`, `attribute`, `fieldId`, `locale`, `keywords`) VALUES ('46', 'slug', '0', 'nl', ' ecclesiarchal delegation ');
INSERT INTO `craft_searchindex` (`elementId`, `attribute`, `fieldId`, `locale`, `keywords`) VALUES ('46', 'title', '0', 'nl', ' ecclesiarchal delegation ');
INSERT INTO `craft_searchindex` (`elementId`, `attribute`, `fieldId`, `locale`, `keywords`) VALUES ('47', 'filename', '0', 'nl', ' inquisimunda eldar strike force pdf ');
INSERT INTO `craft_searchindex` (`elementId`, `attribute`, `fieldId`, `locale`, `keywords`) VALUES ('47', 'extension', '0', 'nl', ' pdf ');
INSERT INTO `craft_searchindex` (`elementId`, `attribute`, `fieldId`, `locale`, `keywords`) VALUES ('47', 'kind', '0', 'nl', ' pdf ');
INSERT INTO `craft_searchindex` (`elementId`, `attribute`, `fieldId`, `locale`, `keywords`) VALUES ('47', 'slug', '0', 'nl', '');
INSERT INTO `craft_searchindex` (`elementId`, `attribute`, `fieldId`, `locale`, `keywords`) VALUES ('47', 'title', '0', 'nl', ' inquisimunda eldar strike force ');
INSERT INTO `craft_searchindex` (`elementId`, `attribute`, `fieldId`, `locale`, `keywords`) VALUES ('48', 'field', '1', 'nl', ' the 2 0 eldar strike force ');
INSERT INTO `craft_searchindex` (`elementId`, `attribute`, `fieldId`, `locale`, `keywords`) VALUES ('48', 'field', '3', 'nl', ' inquisimunda eldar strike force ');
INSERT INTO `craft_searchindex` (`elementId`, `attribute`, `fieldId`, `locale`, `keywords`) VALUES ('48', 'slug', '0', 'nl', ' eldar strike force ');
INSERT INTO `craft_searchindex` (`elementId`, `attribute`, `fieldId`, `locale`, `keywords`) VALUES ('48', 'title', '0', 'nl', ' eldar strike force ');
INSERT INTO `craft_searchindex` (`elementId`, `attribute`, `fieldId`, `locale`, `keywords`) VALUES ('49', 'filename', '0', 'nl', ' inquisimunda imperial guard pdf ');
INSERT INTO `craft_searchindex` (`elementId`, `attribute`, `fieldId`, `locale`, `keywords`) VALUES ('49', 'extension', '0', 'nl', ' pdf ');
INSERT INTO `craft_searchindex` (`elementId`, `attribute`, `fieldId`, `locale`, `keywords`) VALUES ('49', 'kind', '0', 'nl', ' pdf ');
INSERT INTO `craft_searchindex` (`elementId`, `attribute`, `fieldId`, `locale`, `keywords`) VALUES ('49', 'slug', '0', 'nl', '');
INSERT INTO `craft_searchindex` (`elementId`, `attribute`, `fieldId`, `locale`, `keywords`) VALUES ('49', 'title', '0', 'nl', ' inquisimunda imperial guard ');
INSERT INTO `craft_searchindex` (`elementId`, `attribute`, `fieldId`, `locale`, `keywords`) VALUES ('50', 'field', '1', 'nl', ' the 2 0 imperial guard ');
INSERT INTO `craft_searchindex` (`elementId`, `attribute`, `fieldId`, `locale`, `keywords`) VALUES ('50', 'field', '3', 'nl', ' inquisimunda imperial guard ');
INSERT INTO `craft_searchindex` (`elementId`, `attribute`, `fieldId`, `locale`, `keywords`) VALUES ('50', 'slug', '0', 'nl', ' imperial guard ');
INSERT INTO `craft_searchindex` (`elementId`, `attribute`, `fieldId`, `locale`, `keywords`) VALUES ('50', 'title', '0', 'nl', ' imperial guard ');
INSERT INTO `craft_searchindex` (`elementId`, `attribute`, `fieldId`, `locale`, `keywords`) VALUES ('51', 'filename', '0', 'nl', ' inquisimunda mutant mobs pdf ');
INSERT INTO `craft_searchindex` (`elementId`, `attribute`, `fieldId`, `locale`, `keywords`) VALUES ('51', 'extension', '0', 'nl', ' pdf ');
INSERT INTO `craft_searchindex` (`elementId`, `attribute`, `fieldId`, `locale`, `keywords`) VALUES ('51', 'kind', '0', 'nl', ' pdf ');
INSERT INTO `craft_searchindex` (`elementId`, `attribute`, `fieldId`, `locale`, `keywords`) VALUES ('51', 'slug', '0', 'nl', '');
INSERT INTO `craft_searchindex` (`elementId`, `attribute`, `fieldId`, `locale`, `keywords`) VALUES ('51', 'title', '0', 'nl', ' inquisimunda mutant mobs ');
INSERT INTO `craft_searchindex` (`elementId`, `attribute`, `fieldId`, `locale`, `keywords`) VALUES ('52', 'field', '1', 'nl', ' the 2 0 mutant mobs ');
INSERT INTO `craft_searchindex` (`elementId`, `attribute`, `fieldId`, `locale`, `keywords`) VALUES ('52', 'field', '3', 'nl', ' inquisimunda mutant mobs ');
INSERT INTO `craft_searchindex` (`elementId`, `attribute`, `fieldId`, `locale`, `keywords`) VALUES ('52', 'slug', '0', 'nl', ' mutant mobs ');
INSERT INTO `craft_searchindex` (`elementId`, `attribute`, `fieldId`, `locale`, `keywords`) VALUES ('52', 'title', '0', 'nl', ' mutant mobs ');
INSERT INTO `craft_searchindex` (`elementId`, `attribute`, `fieldId`, `locale`, `keywords`) VALUES ('53', 'filename', '0', 'nl', ' inquisimunda nobilists pdf ');
INSERT INTO `craft_searchindex` (`elementId`, `attribute`, `fieldId`, `locale`, `keywords`) VALUES ('53', 'extension', '0', 'nl', ' pdf ');
INSERT INTO `craft_searchindex` (`elementId`, `attribute`, `fieldId`, `locale`, `keywords`) VALUES ('53', 'kind', '0', 'nl', ' pdf ');
INSERT INTO `craft_searchindex` (`elementId`, `attribute`, `fieldId`, `locale`, `keywords`) VALUES ('53', 'slug', '0', 'nl', '');
INSERT INTO `craft_searchindex` (`elementId`, `attribute`, `fieldId`, `locale`, `keywords`) VALUES ('53', 'title', '0', 'nl', ' inquisimunda nobilists ');
INSERT INTO `craft_searchindex` (`elementId`, `attribute`, `fieldId`, `locale`, `keywords`) VALUES ('54', 'field', '1', 'nl', ' the 2 0 nobilists ');
INSERT INTO `craft_searchindex` (`elementId`, `attribute`, `fieldId`, `locale`, `keywords`) VALUES ('54', 'field', '3', 'nl', ' inquisimunda nobilists ');
INSERT INTO `craft_searchindex` (`elementId`, `attribute`, `fieldId`, `locale`, `keywords`) VALUES ('54', 'slug', '0', 'nl', ' nobilists ');
INSERT INTO `craft_searchindex` (`elementId`, `attribute`, `fieldId`, `locale`, `keywords`) VALUES ('54', 'title', '0', 'nl', ' nobilists ');
INSERT INTO `craft_searchindex` (`elementId`, `attribute`, `fieldId`, `locale`, `keywords`) VALUES ('55', 'filename', '0', 'nl', ' inquisimunda rogue traders pdf ');
INSERT INTO `craft_searchindex` (`elementId`, `attribute`, `fieldId`, `locale`, `keywords`) VALUES ('55', 'extension', '0', 'nl', ' pdf ');
INSERT INTO `craft_searchindex` (`elementId`, `attribute`, `fieldId`, `locale`, `keywords`) VALUES ('55', 'kind', '0', 'nl', ' pdf ');
INSERT INTO `craft_searchindex` (`elementId`, `attribute`, `fieldId`, `locale`, `keywords`) VALUES ('55', 'slug', '0', 'nl', '');
INSERT INTO `craft_searchindex` (`elementId`, `attribute`, `fieldId`, `locale`, `keywords`) VALUES ('55', 'title', '0', 'nl', ' inquisimunda rogue traders ');
INSERT INTO `craft_searchindex` (`elementId`, `attribute`, `fieldId`, `locale`, `keywords`) VALUES ('56', 'field', '1', 'nl', ' the 2 0 rogue traders ');
INSERT INTO `craft_searchindex` (`elementId`, `attribute`, `fieldId`, `locale`, `keywords`) VALUES ('56', 'field', '3', 'nl', ' inquisimunda rogue traders ');
INSERT INTO `craft_searchindex` (`elementId`, `attribute`, `fieldId`, `locale`, `keywords`) VALUES ('56', 'slug', '0', 'nl', ' rogue traders ');
INSERT INTO `craft_searchindex` (`elementId`, `attribute`, `fieldId`, `locale`, `keywords`) VALUES ('56', 'title', '0', 'nl', ' rogue traders ');
INSERT INTO `craft_searchindex` (`elementId`, `attribute`, `fieldId`, `locale`, `keywords`) VALUES ('57', 'filename', '0', 'nl', ' inquisimunda underworld elements pdf ');
INSERT INTO `craft_searchindex` (`elementId`, `attribute`, `fieldId`, `locale`, `keywords`) VALUES ('57', 'extension', '0', 'nl', ' pdf ');
INSERT INTO `craft_searchindex` (`elementId`, `attribute`, `fieldId`, `locale`, `keywords`) VALUES ('57', 'kind', '0', 'nl', ' pdf ');
INSERT INTO `craft_searchindex` (`elementId`, `attribute`, `fieldId`, `locale`, `keywords`) VALUES ('57', 'slug', '0', 'nl', '');
INSERT INTO `craft_searchindex` (`elementId`, `attribute`, `fieldId`, `locale`, `keywords`) VALUES ('57', 'title', '0', 'nl', ' inquisimunda underworld elements ');
INSERT INTO `craft_searchindex` (`elementId`, `attribute`, `fieldId`, `locale`, `keywords`) VALUES ('58', 'field', '1', 'nl', ' the 2 0 underworld elemenets ');
INSERT INTO `craft_searchindex` (`elementId`, `attribute`, `fieldId`, `locale`, `keywords`) VALUES ('58', 'field', '3', 'nl', ' inquisimunda underworld elements ');
INSERT INTO `craft_searchindex` (`elementId`, `attribute`, `fieldId`, `locale`, `keywords`) VALUES ('58', 'slug', '0', 'nl', ' underworld elements ');
INSERT INTO `craft_searchindex` (`elementId`, `attribute`, `fieldId`, `locale`, `keywords`) VALUES ('58', 'title', '0', 'nl', ' underworld elements ');
INSERT INTO `craft_searchindex` (`elementId`, `attribute`, `fieldId`, `locale`, `keywords`) VALUES ('59', 'filename', '0', 'nl', ' inquisimunda void pirates pdf ');
INSERT INTO `craft_searchindex` (`elementId`, `attribute`, `fieldId`, `locale`, `keywords`) VALUES ('59', 'extension', '0', 'nl', ' pdf ');
INSERT INTO `craft_searchindex` (`elementId`, `attribute`, `fieldId`, `locale`, `keywords`) VALUES ('59', 'kind', '0', 'nl', ' pdf ');
INSERT INTO `craft_searchindex` (`elementId`, `attribute`, `fieldId`, `locale`, `keywords`) VALUES ('59', 'slug', '0', 'nl', '');
INSERT INTO `craft_searchindex` (`elementId`, `attribute`, `fieldId`, `locale`, `keywords`) VALUES ('59', 'title', '0', 'nl', ' inquisimunda void pirates ');
INSERT INTO `craft_searchindex` (`elementId`, `attribute`, `fieldId`, `locale`, `keywords`) VALUES ('60', 'field', '1', 'nl', ' the 2 0 void pirates ');
INSERT INTO `craft_searchindex` (`elementId`, `attribute`, `fieldId`, `locale`, `keywords`) VALUES ('60', 'field', '3', 'nl', ' inquisimunda void pirates ');
INSERT INTO `craft_searchindex` (`elementId`, `attribute`, `fieldId`, `locale`, `keywords`) VALUES ('60', 'slug', '0', 'nl', ' void pirates ');
INSERT INTO `craft_searchindex` (`elementId`, `attribute`, `fieldId`, `locale`, `keywords`) VALUES ('60', 'title', '0', 'nl', ' void pirates ');
INSERT INTO `craft_searchindex` (`elementId`, `attribute`, `fieldId`, `locale`, `keywords`) VALUES ('61', 'filename', '0', 'nl', ' inquisimunda rulesv2 pdf ');
INSERT INTO `craft_searchindex` (`elementId`, `attribute`, `fieldId`, `locale`, `keywords`) VALUES ('61', 'extension', '0', 'nl', ' pdf ');
INSERT INTO `craft_searchindex` (`elementId`, `attribute`, `fieldId`, `locale`, `keywords`) VALUES ('61', 'kind', '0', 'nl', ' pdf ');
INSERT INTO `craft_searchindex` (`elementId`, `attribute`, `fieldId`, `locale`, `keywords`) VALUES ('61', 'slug', '0', 'nl', '');
INSERT INTO `craft_searchindex` (`elementId`, `attribute`, `fieldId`, `locale`, `keywords`) VALUES ('61', 'title', '0', 'nl', ' inquisimunda rulesv2 ');
INSERT INTO `craft_searchindex` (`elementId`, `attribute`, `fieldId`, `locale`, `keywords`) VALUES ('62', 'field', '1', 'nl', ' the long awaited 2 0 rules ');
INSERT INTO `craft_searchindex` (`elementId`, `attribute`, `fieldId`, `locale`, `keywords`) VALUES ('62', 'field', '3', 'nl', ' inquisimunda rulesv2 ');
INSERT INTO `craft_searchindex` (`elementId`, `attribute`, `fieldId`, `locale`, `keywords`) VALUES ('62', 'slug', '0', 'nl', ' inquisimunda 2 0 ');
INSERT INTO `craft_searchindex` (`elementId`, `attribute`, `fieldId`, `locale`, `keywords`) VALUES ('62', 'title', '0', 'nl', ' inquisimunda 2 0 ');
INSERT INTO `craft_searchindex` (`elementId`, `attribute`, `fieldId`, `locale`, `keywords`) VALUES ('63', 'extension', '0', 'nl', ' png ');
INSERT INTO `craft_searchindex` (`elementId`, `attribute`, `fieldId`, `locale`, `keywords`) VALUES ('63', 'kind', '0', 'nl', ' image ');
INSERT INTO `craft_searchindex` (`elementId`, `attribute`, `fieldId`, `locale`, `keywords`) VALUES ('63', 'slug', '0', 'nl', '');
INSERT INTO `craft_searchindex` (`elementId`, `attribute`, `fieldId`, `locale`, `keywords`) VALUES ('63', 'title', '0', 'nl', ' logo png ');
INSERT INTO `craft_searchindex` (`elementId`, `attribute`, `fieldId`, `locale`, `keywords`) VALUES ('2', 'field', '4', 'nl', ' logo png ');
INSERT INTO `craft_searchindex` (`elementId`, `attribute`, `fieldId`, `locale`, `keywords`) VALUES ('64', 'extension', '0', 'nl', ' jpg ');
INSERT INTO `craft_searchindex` (`elementId`, `attribute`, `fieldId`, `locale`, `keywords`) VALUES ('64', 'kind', '0', 'nl', ' image ');
INSERT INTO `craft_searchindex` (`elementId`, `attribute`, `fieldId`, `locale`, `keywords`) VALUES ('64', 'slug', '0', 'nl', ' 12002993 10153630423157065 7986407149139096624 n ');
INSERT INTO `craft_searchindex` (`elementId`, `attribute`, `fieldId`, `locale`, `keywords`) VALUES ('64', 'title', '0', 'nl', ' 12002993 10153630423157065 7986407149139096624 n ');
INSERT INTO `craft_searchindex` (`elementId`, `attribute`, `fieldId`, `locale`, `keywords`) VALUES ('65', 'filename', '0', 'nl', ' 12003919_10153630424137065_9217478305041731219_n jpg ');
INSERT INTO `craft_searchindex` (`elementId`, `attribute`, `fieldId`, `locale`, `keywords`) VALUES ('65', 'extension', '0', 'nl', ' jpg ');
INSERT INTO `craft_searchindex` (`elementId`, `attribute`, `fieldId`, `locale`, `keywords`) VALUES ('65', 'kind', '0', 'nl', ' image ');
INSERT INTO `craft_searchindex` (`elementId`, `attribute`, `fieldId`, `locale`, `keywords`) VALUES ('65', 'slug', '0', 'nl', ' 12003919 10153630424137065 9217478305041731219 n ');
INSERT INTO `craft_searchindex` (`elementId`, `attribute`, `fieldId`, `locale`, `keywords`) VALUES ('65', 'title', '0', 'nl', ' 12003919 10153630424137065 9217478305041731219 n ');
INSERT INTO `craft_searchindex` (`elementId`, `attribute`, `fieldId`, `locale`, `keywords`) VALUES ('66', 'filename', '0', 'nl', ' 12011224_10153237834728215_1948319228865289552_n jpg ');
INSERT INTO `craft_searchindex` (`elementId`, `attribute`, `fieldId`, `locale`, `keywords`) VALUES ('66', 'extension', '0', 'nl', ' jpg ');
INSERT INTO `craft_searchindex` (`elementId`, `attribute`, `fieldId`, `locale`, `keywords`) VALUES ('66', 'kind', '0', 'nl', ' image ');
INSERT INTO `craft_searchindex` (`elementId`, `attribute`, `fieldId`, `locale`, `keywords`) VALUES ('66', 'slug', '0', 'nl', ' 12011224 10153237834728215 1948319228865289552 n ');
INSERT INTO `craft_searchindex` (`elementId`, `attribute`, `fieldId`, `locale`, `keywords`) VALUES ('66', 'title', '0', 'nl', ' 12011224 10153237834728215 1948319228865289552 n ');
INSERT INTO `craft_searchindex` (`elementId`, `attribute`, `fieldId`, `locale`, `keywords`) VALUES ('67', 'filename', '0', 'nl', ' 12039672_10153630425297065_5451765559760142166_n jpg ');
INSERT INTO `craft_searchindex` (`elementId`, `attribute`, `fieldId`, `locale`, `keywords`) VALUES ('67', 'extension', '0', 'nl', ' jpg ');
INSERT INTO `craft_searchindex` (`elementId`, `attribute`, `fieldId`, `locale`, `keywords`) VALUES ('67', 'kind', '0', 'nl', ' image ');
INSERT INTO `craft_searchindex` (`elementId`, `attribute`, `fieldId`, `locale`, `keywords`) VALUES ('67', 'slug', '0', 'nl', ' 12039672 10153630425297065 5451765559760142166 n ');
INSERT INTO `craft_searchindex` (`elementId`, `attribute`, `fieldId`, `locale`, `keywords`) VALUES ('67', 'title', '0', 'nl', ' 12039672 10153630425297065 5451765559760142166 n ');
INSERT INTO `craft_searchindex` (`elementId`, `attribute`, `fieldId`, `locale`, `keywords`) VALUES ('68', 'filename', '0', 'nl', ' 12042763_10153630425587065_6387726420392682275_n jpg ');
INSERT INTO `craft_searchindex` (`elementId`, `attribute`, `fieldId`, `locale`, `keywords`) VALUES ('68', 'extension', '0', 'nl', ' jpg ');
INSERT INTO `craft_searchindex` (`elementId`, `attribute`, `fieldId`, `locale`, `keywords`) VALUES ('68', 'kind', '0', 'nl', ' image ');
INSERT INTO `craft_searchindex` (`elementId`, `attribute`, `fieldId`, `locale`, `keywords`) VALUES ('68', 'slug', '0', 'nl', ' 12042763 10153630425587065 6387726420392682275 n ');
INSERT INTO `craft_searchindex` (`elementId`, `attribute`, `fieldId`, `locale`, `keywords`) VALUES ('68', 'title', '0', 'nl', ' 12042763 10153630425587065 6387726420392682275 n ');
INSERT INTO `craft_searchindex` (`elementId`, `attribute`, `fieldId`, `locale`, `keywords`) VALUES ('69', 'filename', '0', 'nl', ' 12046801_10153630424817065_8353527883281864560_n jpg ');
INSERT INTO `craft_searchindex` (`elementId`, `attribute`, `fieldId`, `locale`, `keywords`) VALUES ('69', 'extension', '0', 'nl', ' jpg ');
INSERT INTO `craft_searchindex` (`elementId`, `attribute`, `fieldId`, `locale`, `keywords`) VALUES ('69', 'kind', '0', 'nl', ' image ');
INSERT INTO `craft_searchindex` (`elementId`, `attribute`, `fieldId`, `locale`, `keywords`) VALUES ('69', 'slug', '0', 'nl', ' 12046801 10153630424817065 8353527883281864560 n ');
INSERT INTO `craft_searchindex` (`elementId`, `attribute`, `fieldId`, `locale`, `keywords`) VALUES ('69', 'title', '0', 'nl', ' 12046801 10153630424817065 8353527883281864560 n ');
INSERT INTO `craft_searchindex` (`elementId`, `attribute`, `fieldId`, `locale`, `keywords`) VALUES ('70', 'filename', '0', 'nl', ' 12049336_10153630425642065_6815637889187930470_n jpg ');
INSERT INTO `craft_searchindex` (`elementId`, `attribute`, `fieldId`, `locale`, `keywords`) VALUES ('70', 'extension', '0', 'nl', ' jpg ');
INSERT INTO `craft_searchindex` (`elementId`, `attribute`, `fieldId`, `locale`, `keywords`) VALUES ('70', 'kind', '0', 'nl', ' image ');
INSERT INTO `craft_searchindex` (`elementId`, `attribute`, `fieldId`, `locale`, `keywords`) VALUES ('70', 'slug', '0', 'nl', ' 12049336 10153630425642065 6815637889187930470 n ');
INSERT INTO `craft_searchindex` (`elementId`, `attribute`, `fieldId`, `locale`, `keywords`) VALUES ('70', 'title', '0', 'nl', ' 12049336 10153630425642065 6815637889187930470 n ');
INSERT INTO `craft_searchindex` (`elementId`, `attribute`, `fieldId`, `locale`, `keywords`) VALUES ('71', 'filename', '0', 'nl', ' 12049591_10153630423282065_1674135899943054734_n jpg ');
INSERT INTO `craft_searchindex` (`elementId`, `attribute`, `fieldId`, `locale`, `keywords`) VALUES ('71', 'extension', '0', 'nl', ' jpg ');
INSERT INTO `craft_searchindex` (`elementId`, `attribute`, `fieldId`, `locale`, `keywords`) VALUES ('71', 'kind', '0', 'nl', ' image ');
INSERT INTO `craft_searchindex` (`elementId`, `attribute`, `fieldId`, `locale`, `keywords`) VALUES ('71', 'slug', '0', 'nl', ' 12049591 10153630423282065 1674135899943054734 n ');
INSERT INTO `craft_searchindex` (`elementId`, `attribute`, `fieldId`, `locale`, `keywords`) VALUES ('71', 'title', '0', 'nl', ' 12049591 10153630423282065 1674135899943054734 n ');
INSERT INTO `craft_searchindex` (`elementId`, `attribute`, `fieldId`, `locale`, `keywords`) VALUES ('72', 'field', '5', 'nl', ' evin ');
INSERT INTO `craft_searchindex` (`elementId`, `attribute`, `fieldId`, `locale`, `keywords`) VALUES ('72', 'field', '1', 'nl', ' last saturday was a blast together with manoah rik and johan i hosted a demo of inquisimunda at the ducosim convention in amersfoort the netherlands we met a lot of old friends and a lot of people took a look at our board at least one person was very interested in playing the game as well and by chance he lives about 10km for my local gaming place here are some pictures taken by johan and manoah ');
INSERT INTO `craft_searchindex` (`elementId`, `attribute`, `fieldId`, `locale`, `keywords`) VALUES ('72', 'slug', '0', 'nl', ' pics from the ducosim convention ');
INSERT INTO `craft_searchindex` (`elementId`, `attribute`, `fieldId`, `locale`, `keywords`) VALUES ('72', 'title', '0', 'nl', ' pics from the ducosim convention ');
INSERT INTO `craft_searchindex` (`elementId`, `attribute`, `fieldId`, `locale`, `keywords`) VALUES ('73', 'filename', '0', 'nl', ' 12038053_10154365422605620_1971820420733108130_n jpg ');
INSERT INTO `craft_searchindex` (`elementId`, `attribute`, `fieldId`, `locale`, `keywords`) VALUES ('73', 'extension', '0', 'nl', ' jpg ');
INSERT INTO `craft_searchindex` (`elementId`, `attribute`, `fieldId`, `locale`, `keywords`) VALUES ('73', 'kind', '0', 'nl', ' image ');
INSERT INTO `craft_searchindex` (`elementId`, `attribute`, `fieldId`, `locale`, `keywords`) VALUES ('73', 'slug', '0', 'nl', ' 12038053 10154365422605620 1971820420733108130 n ');
INSERT INTO `craft_searchindex` (`elementId`, `attribute`, `fieldId`, `locale`, `keywords`) VALUES ('73', 'title', '0', 'nl', ' 12038053 10154365422605620 1971820420733108130 n ');
INSERT INTO `craft_searchindex` (`elementId`, `attribute`, `fieldId`, `locale`, `keywords`) VALUES ('74', 'filename', '0', 'nl', ' 12038138_10154365421570620_7389783216060554138_n jpg ');
INSERT INTO `craft_searchindex` (`elementId`, `attribute`, `fieldId`, `locale`, `keywords`) VALUES ('74', 'extension', '0', 'nl', ' jpg ');
INSERT INTO `craft_searchindex` (`elementId`, `attribute`, `fieldId`, `locale`, `keywords`) VALUES ('74', 'kind', '0', 'nl', ' image ');
INSERT INTO `craft_searchindex` (`elementId`, `attribute`, `fieldId`, `locale`, `keywords`) VALUES ('74', 'slug', '0', 'nl', ' 12038138 10154365421570620 7389783216060554138 n ');
INSERT INTO `craft_searchindex` (`elementId`, `attribute`, `fieldId`, `locale`, `keywords`) VALUES ('74', 'title', '0', 'nl', ' 12038138 10154365421570620 7389783216060554138 n ');
INSERT INTO `craft_searchindex` (`elementId`, `attribute`, `fieldId`, `locale`, `keywords`) VALUES ('75', 'filename', '0', 'nl', ' 12039577_10154365423390620_3508536508873955241_n jpg ');
INSERT INTO `craft_searchindex` (`elementId`, `attribute`, `fieldId`, `locale`, `keywords`) VALUES ('75', 'extension', '0', 'nl', ' jpg ');
INSERT INTO `craft_searchindex` (`elementId`, `attribute`, `fieldId`, `locale`, `keywords`) VALUES ('75', 'kind', '0', 'nl', ' image ');
INSERT INTO `craft_searchindex` (`elementId`, `attribute`, `fieldId`, `locale`, `keywords`) VALUES ('75', 'slug', '0', 'nl', ' 12039577 10154365423390620 3508536508873955241 n ');
INSERT INTO `craft_searchindex` (`elementId`, `attribute`, `fieldId`, `locale`, `keywords`) VALUES ('75', 'title', '0', 'nl', ' 12039577 10154365423390620 3508536508873955241 n ');
INSERT INTO `craft_searchindex` (`elementId`, `attribute`, `fieldId`, `locale`, `keywords`) VALUES ('79', 'filename', '0', 'nl', ' 12047186_10154365422670620_2583865523578194221_n jpg ');
INSERT INTO `craft_searchindex` (`elementId`, `attribute`, `fieldId`, `locale`, `keywords`) VALUES ('79', 'extension', '0', 'nl', ' jpg ');
INSERT INTO `craft_searchindex` (`elementId`, `attribute`, `fieldId`, `locale`, `keywords`) VALUES ('79', 'kind', '0', 'nl', ' image ');
INSERT INTO `craft_searchindex` (`elementId`, `attribute`, `fieldId`, `locale`, `keywords`) VALUES ('79', 'slug', '0', 'nl', ' 12047186 10154365422670620 2583865523578194221 n ');
INSERT INTO `craft_searchindex` (`elementId`, `attribute`, `fieldId`, `locale`, `keywords`) VALUES ('79', 'title', '0', 'nl', ' 12047186 10154365422670620 2583865523578194221 n ');
INSERT INTO `craft_searchindex` (`elementId`, `attribute`, `fieldId`, `locale`, `keywords`) VALUES ('82', 'filename', '0', 'nl', ' 11150579_10154365421405620_9079176359177344691_n jpg ');
INSERT INTO `craft_searchindex` (`elementId`, `attribute`, `fieldId`, `locale`, `keywords`) VALUES ('82', 'extension', '0', 'nl', ' jpg ');
INSERT INTO `craft_searchindex` (`elementId`, `attribute`, `fieldId`, `locale`, `keywords`) VALUES ('82', 'kind', '0', 'nl', ' image ');
INSERT INTO `craft_searchindex` (`elementId`, `attribute`, `fieldId`, `locale`, `keywords`) VALUES ('82', 'slug', '0', 'nl', ' 11150579 10154365421405620 9079176359177344691 n ');
INSERT INTO `craft_searchindex` (`elementId`, `attribute`, `fieldId`, `locale`, `keywords`) VALUES ('82', 'title', '0', 'nl', ' 11150579 10154365421405620 9079176359177344691 n ');
INSERT INTO `craft_searchindex` (`elementId`, `attribute`, `fieldId`, `locale`, `keywords`) VALUES ('83', 'filename', '0', 'nl', ' 11215191_10154365421390620_8016077754600752452_n jpg ');
INSERT INTO `craft_searchindex` (`elementId`, `attribute`, `fieldId`, `locale`, `keywords`) VALUES ('83', 'extension', '0', 'nl', ' jpg ');
INSERT INTO `craft_searchindex` (`elementId`, `attribute`, `fieldId`, `locale`, `keywords`) VALUES ('83', 'kind', '0', 'nl', ' image ');
INSERT INTO `craft_searchindex` (`elementId`, `attribute`, `fieldId`, `locale`, `keywords`) VALUES ('83', 'slug', '0', 'nl', ' 11215191 10154365421390620 8016077754600752452 n ');
INSERT INTO `craft_searchindex` (`elementId`, `attribute`, `fieldId`, `locale`, `keywords`) VALUES ('83', 'title', '0', 'nl', ' 11215191 10154365421390620 8016077754600752452 n ');
INSERT INTO `craft_searchindex` (`elementId`, `attribute`, `fieldId`, `locale`, `keywords`) VALUES ('84', 'filename', '0', 'nl', ' 11221698_10154365422540620_8514179231561763776_n jpg ');
INSERT INTO `craft_searchindex` (`elementId`, `attribute`, `fieldId`, `locale`, `keywords`) VALUES ('84', 'extension', '0', 'nl', ' jpg ');
INSERT INTO `craft_searchindex` (`elementId`, `attribute`, `fieldId`, `locale`, `keywords`) VALUES ('84', 'kind', '0', 'nl', ' image ');
INSERT INTO `craft_searchindex` (`elementId`, `attribute`, `fieldId`, `locale`, `keywords`) VALUES ('84', 'slug', '0', 'nl', ' 11221698 10154365422540620 8514179231561763776 n ');
INSERT INTO `craft_searchindex` (`elementId`, `attribute`, `fieldId`, `locale`, `keywords`) VALUES ('84', 'title', '0', 'nl', ' 11221698 10154365422540620 8514179231561763776 n ');
INSERT INTO `craft_searchindex` (`elementId`, `attribute`, `fieldId`, `locale`, `keywords`) VALUES ('85', 'filename', '0', 'nl', ' 12002793_10154365421915620_7556023316626556016_n jpg ');
INSERT INTO `craft_searchindex` (`elementId`, `attribute`, `fieldId`, `locale`, `keywords`) VALUES ('85', 'extension', '0', 'nl', ' jpg ');
INSERT INTO `craft_searchindex` (`elementId`, `attribute`, `fieldId`, `locale`, `keywords`) VALUES ('85', 'kind', '0', 'nl', ' image ');
INSERT INTO `craft_searchindex` (`elementId`, `attribute`, `fieldId`, `locale`, `keywords`) VALUES ('85', 'slug', '0', 'nl', ' 12002793 10154365421915620 7556023316626556016 n ');
INSERT INTO `craft_searchindex` (`elementId`, `attribute`, `fieldId`, `locale`, `keywords`) VALUES ('85', 'title', '0', 'nl', ' 12002793 10154365421915620 7556023316626556016 n ');
INSERT INTO `craft_searchindex` (`elementId`, `attribute`, `fieldId`, `locale`, `keywords`) VALUES ('88', 'filename', '0', 'nl', ' 12004801_10154365423035620_2918634485674177421_n jpg ');
INSERT INTO `craft_searchindex` (`elementId`, `attribute`, `fieldId`, `locale`, `keywords`) VALUES ('88', 'extension', '0', 'nl', ' jpg ');
INSERT INTO `craft_searchindex` (`elementId`, `attribute`, `fieldId`, `locale`, `keywords`) VALUES ('88', 'kind', '0', 'nl', ' image ');
INSERT INTO `craft_searchindex` (`elementId`, `attribute`, `fieldId`, `locale`, `keywords`) VALUES ('88', 'slug', '0', 'nl', ' 12004801 10154365423035620 2918634485674177421 n ');
INSERT INTO `craft_searchindex` (`elementId`, `attribute`, `fieldId`, `locale`, `keywords`) VALUES ('88', 'title', '0', 'nl', ' 12004801 10154365423035620 2918634485674177421 n ');
INSERT INTO `craft_searchindex` (`elementId`, `attribute`, `fieldId`, `locale`, `keywords`) VALUES ('89', 'filename', '0', 'nl', ' 12006355_10154365421615620_4452502907032839143_n jpg ');
INSERT INTO `craft_searchindex` (`elementId`, `attribute`, `fieldId`, `locale`, `keywords`) VALUES ('89', 'extension', '0', 'nl', ' jpg ');
INSERT INTO `craft_searchindex` (`elementId`, `attribute`, `fieldId`, `locale`, `keywords`) VALUES ('89', 'kind', '0', 'nl', ' image ');
INSERT INTO `craft_searchindex` (`elementId`, `attribute`, `fieldId`, `locale`, `keywords`) VALUES ('89', 'slug', '0', 'nl', ' 12006355 10154365421615620 4452502907032839143 n ');
INSERT INTO `craft_searchindex` (`elementId`, `attribute`, `fieldId`, `locale`, `keywords`) VALUES ('89', 'title', '0', 'nl', ' 12006355 10154365421615620 4452502907032839143 n ');
INSERT INTO `craft_searchindex` (`elementId`, `attribute`, `fieldId`, `locale`, `keywords`) VALUES ('91', 'filename', '0', 'nl', ' 12011285_10154365421575620_5107976291133834792_n jpg ');
INSERT INTO `craft_searchindex` (`elementId`, `attribute`, `fieldId`, `locale`, `keywords`) VALUES ('91', 'extension', '0', 'nl', ' jpg ');
INSERT INTO `craft_searchindex` (`elementId`, `attribute`, `fieldId`, `locale`, `keywords`) VALUES ('91', 'kind', '0', 'nl', ' image ');
INSERT INTO `craft_searchindex` (`elementId`, `attribute`, `fieldId`, `locale`, `keywords`) VALUES ('91', 'slug', '0', 'nl', ' 12011285 10154365421575620 5107976291133834792 n ');
INSERT INTO `craft_searchindex` (`elementId`, `attribute`, `fieldId`, `locale`, `keywords`) VALUES ('91', 'title', '0', 'nl', ' 12011285 10154365421575620 5107976291133834792 n ');
INSERT INTO `craft_searchindex` (`elementId`, `attribute`, `fieldId`, `locale`, `keywords`) VALUES ('92', 'filename', '0', 'nl', ' 12019860_10154365422490620_5943256199105556216_n jpg ');
INSERT INTO `craft_searchindex` (`elementId`, `attribute`, `fieldId`, `locale`, `keywords`) VALUES ('92', 'extension', '0', 'nl', ' jpg ');
INSERT INTO `craft_searchindex` (`elementId`, `attribute`, `fieldId`, `locale`, `keywords`) VALUES ('92', 'kind', '0', 'nl', ' image ');
INSERT INTO `craft_searchindex` (`elementId`, `attribute`, `fieldId`, `locale`, `keywords`) VALUES ('92', 'slug', '0', 'nl', ' 12019860 10154365422490620 5943256199105556216 n ');
INSERT INTO `craft_searchindex` (`elementId`, `attribute`, `fieldId`, `locale`, `keywords`) VALUES ('92', 'title', '0', 'nl', ' 12019860 10154365422490620 5943256199105556216 n ');
INSERT INTO `craft_searchindex` (`elementId`, `attribute`, `fieldId`, `locale`, `keywords`) VALUES ('93', 'filename', '0', 'nl', ' 12027529_10154365423230620_627084736363998093_n jpg ');
INSERT INTO `craft_searchindex` (`elementId`, `attribute`, `fieldId`, `locale`, `keywords`) VALUES ('93', 'extension', '0', 'nl', ' jpg ');
INSERT INTO `craft_searchindex` (`elementId`, `attribute`, `fieldId`, `locale`, `keywords`) VALUES ('93', 'kind', '0', 'nl', ' image ');
INSERT INTO `craft_searchindex` (`elementId`, `attribute`, `fieldId`, `locale`, `keywords`) VALUES ('93', 'slug', '0', 'nl', ' 12027529 10154365423230620 627084736363998093 n ');
INSERT INTO `craft_searchindex` (`elementId`, `attribute`, `fieldId`, `locale`, `keywords`) VALUES ('93', 'title', '0', 'nl', ' 12027529 10154365423230620 627084736363998093 n ');
INSERT INTO `craft_searchindex` (`elementId`, `attribute`, `fieldId`, `locale`, `keywords`) VALUES ('94', 'filename', '0', 'nl', ' 12031997_10154365421940620_6632733186679552501_n jpg ');
INSERT INTO `craft_searchindex` (`elementId`, `attribute`, `fieldId`, `locale`, `keywords`) VALUES ('94', 'extension', '0', 'nl', ' jpg ');
INSERT INTO `craft_searchindex` (`elementId`, `attribute`, `fieldId`, `locale`, `keywords`) VALUES ('94', 'kind', '0', 'nl', ' image ');
INSERT INTO `craft_searchindex` (`elementId`, `attribute`, `fieldId`, `locale`, `keywords`) VALUES ('94', 'slug', '0', 'nl', ' 12031997 10154365421940620 6632733186679552501 n ');
INSERT INTO `craft_searchindex` (`elementId`, `attribute`, `fieldId`, `locale`, `keywords`) VALUES ('94', 'title', '0', 'nl', ' 12031997 10154365421940620 6632733186679552501 n ');
INSERT INTO `craft_searchindex` (`elementId`, `attribute`, `fieldId`, `locale`, `keywords`) VALUES ('95', 'filename', '0', 'nl', ' 12038036_10154365422015620_7647364201727779039_n jpg ');
INSERT INTO `craft_searchindex` (`elementId`, `attribute`, `fieldId`, `locale`, `keywords`) VALUES ('95', 'extension', '0', 'nl', ' jpg ');
INSERT INTO `craft_searchindex` (`elementId`, `attribute`, `fieldId`, `locale`, `keywords`) VALUES ('95', 'kind', '0', 'nl', ' image ');
INSERT INTO `craft_searchindex` (`elementId`, `attribute`, `fieldId`, `locale`, `keywords`) VALUES ('95', 'slug', '0', 'nl', ' 12038036 10154365422015620 7647364201727779039 n ');
INSERT INTO `craft_searchindex` (`elementId`, `attribute`, `fieldId`, `locale`, `keywords`) VALUES ('95', 'title', '0', 'nl', ' 12038036 10154365422015620 7647364201727779039 n ');
INSERT INTO `craft_searchindex` (`elementId`, `attribute`, `fieldId`, `locale`, `keywords`) VALUES ('126', 'slug', '0', 'nl', ' the inquisition cell i used at the ducosim ');
INSERT INTO `craft_searchindex` (`elementId`, `attribute`, `fieldId`, `locale`, `keywords`) VALUES ('126', 'title', '0', 'nl', ' the inquisition cell i used at the ducosim ');
INSERT INTO `craft_searchindex` (`elementId`, `attribute`, `fieldId`, `locale`, `keywords`) VALUES ('125', 'title', '0', 'nl', ' warband ');
INSERT INTO `craft_searchindex` (`elementId`, `attribute`, `fieldId`, `locale`, `keywords`) VALUES ('126', 'field', '5', 'nl', ' evin ');
INSERT INTO `craft_searchindex` (`elementId`, `attribute`, `fieldId`, `locale`, `keywords`) VALUES ('126', 'field', '1', 'nl', '');
INSERT INTO `craft_searchindex` (`elementId`, `attribute`, `fieldId`, `locale`, `keywords`) VALUES ('125', 'filename', '0', 'nl', ' warband jpg ');
INSERT INTO `craft_searchindex` (`elementId`, `attribute`, `fieldId`, `locale`, `keywords`) VALUES ('125', 'extension', '0', 'nl', ' jpg ');
INSERT INTO `craft_searchindex` (`elementId`, `attribute`, `fieldId`, `locale`, `keywords`) VALUES ('125', 'kind', '0', 'nl', ' image ');
INSERT INTO `craft_searchindex` (`elementId`, `attribute`, `fieldId`, `locale`, `keywords`) VALUES ('125', 'slug', '0', 'nl', '');
INSERT INTO `craft_searchindex` (`elementId`, `attribute`, `fieldId`, `locale`, `keywords`) VALUES ('124', 'field', '1', 'nl', ' on this site i will collect all the inquisimunda documents i can find as well as post my work on warbands scenario s and terrain the inquisimunda rules are fan made adoptations on games workshop s necromunda many thanks go to jeremy who hosts the inquisimunda 1 0 files on http empireofghosts blogspot nl p inquisimunda resources html as well as to the community on yaktribe org who work on the inquisimunda 2 0 rules ');
INSERT INTO `craft_searchindex` (`elementId`, `attribute`, `fieldId`, `locale`, `keywords`) VALUES ('124', 'field', '4', 'nl', '');
INSERT INTO `craft_searchindex` (`elementId`, `attribute`, `fieldId`, `locale`, `keywords`) VALUES ('124', 'slug', '0', 'nl', ' about ');
INSERT INTO `craft_searchindex` (`elementId`, `attribute`, `fieldId`, `locale`, `keywords`) VALUES ('124', 'title', '0', 'nl', ' about ');
INSERT INTO `craft_searchindex` (`elementId`, `attribute`, `fieldId`, `locale`, `keywords`) VALUES ('122', 'filename', '0', 'nl', ' scenario 1 black chimera down pdf ');
INSERT INTO `craft_searchindex` (`elementId`, `attribute`, `fieldId`, `locale`, `keywords`) VALUES ('122', 'slug', '0', 'nl', '');
INSERT INTO `craft_searchindex` (`elementId`, `attribute`, `fieldId`, `locale`, `keywords`) VALUES ('122', 'kind', '0', 'nl', ' pdf ');
INSERT INTO `craft_searchindex` (`elementId`, `attribute`, `fieldId`, `locale`, `keywords`) VALUES ('122', 'extension', '0', 'nl', ' pdf ');
INSERT INTO `craft_searchindex` (`elementId`, `attribute`, `fieldId`, `locale`, `keywords`) VALUES ('120', 'title', '0', 'nl', ' the vindicare ');
INSERT INTO `craft_searchindex` (`elementId`, `attribute`, `fieldId`, `locale`, `keywords`) VALUES ('122', 'title', '0', 'nl', ' scenario 1 black chimera down ');
INSERT INTO `craft_searchindex` (`elementId`, `attribute`, `fieldId`, `locale`, `keywords`) VALUES ('120', 'field', '3', 'nl', ' scenario 4 the vindicare 1 ');
INSERT INTO `craft_searchindex` (`elementId`, `attribute`, `fieldId`, `locale`, `keywords`) VALUES ('120', 'slug', '0', 'nl', ' the vindicare work in progress ');
INSERT INTO `craft_searchindex` (`elementId`, `attribute`, `fieldId`, `locale`, `keywords`) VALUES ('119', 'extension', '0', 'nl', ' pdf ');
INSERT INTO `craft_searchindex` (`elementId`, `attribute`, `fieldId`, `locale`, `keywords`) VALUES ('119', 'kind', '0', 'nl', ' pdf ');
INSERT INTO `craft_searchindex` (`elementId`, `attribute`, `fieldId`, `locale`, `keywords`) VALUES ('119', 'slug', '0', 'nl', ' scenario 4 the vindicare ');
INSERT INTO `craft_searchindex` (`elementId`, `attribute`, `fieldId`, `locale`, `keywords`) VALUES ('119', 'title', '0', 'nl', ' scenario 4 the vindicare ');
INSERT INTO `craft_searchindex` (`elementId`, `attribute`, `fieldId`, `locale`, `keywords`) VALUES ('120', 'field', '1', 'nl', ' a vindicare assassin is hunting you ');
INSERT INTO `craft_searchindex` (`elementId`, `attribute`, `fieldId`, `locale`, `keywords`) VALUES ('119', 'filename', '0', 'nl', ' scenario 4 the vindicare pdf ');
INSERT INTO `craft_searchindex` (`elementId`, `attribute`, `fieldId`, `locale`, `keywords`) VALUES ('127', 'filename', '0', 'nl', ' scenario the heretek pdf ');
INSERT INTO `craft_searchindex` (`elementId`, `attribute`, `fieldId`, `locale`, `keywords`) VALUES ('127', 'extension', '0', 'nl', ' pdf ');
INSERT INTO `craft_searchindex` (`elementId`, `attribute`, `fieldId`, `locale`, `keywords`) VALUES ('127', 'kind', '0', 'nl', ' pdf ');
INSERT INTO `craft_searchindex` (`elementId`, `attribute`, `fieldId`, `locale`, `keywords`) VALUES ('127', 'slug', '0', 'nl', '');
INSERT INTO `craft_searchindex` (`elementId`, `attribute`, `fieldId`, `locale`, `keywords`) VALUES ('127', 'title', '0', 'nl', ' scenario the heretek ');
INSERT INTO `craft_searchindex` (`elementId`, `attribute`, `fieldId`, `locale`, `keywords`) VALUES ('128', 'field', '1', 'nl', ' hereteks are fallen tech priest who no longer adhere to the teachings of the cult mechanicus instead pursuing dark technologies one such heretek has settled in an old abandoned manufactorum gathering who knows what foul technology and knowledge your warband plans on striking the manufactorum and killing the heretek however initial reconnaissance of the area shows the heretek is accompanied by some of his servitors ');
INSERT INTO `craft_searchindex` (`elementId`, `attribute`, `fieldId`, `locale`, `keywords`) VALUES ('128', 'field', '3', 'nl', ' scenario the heretek ');
INSERT INTO `craft_searchindex` (`elementId`, `attribute`, `fieldId`, `locale`, `keywords`) VALUES ('128', 'slug', '0', 'nl', ' the heretek ');
INSERT INTO `craft_searchindex` (`elementId`, `attribute`, `fieldId`, `locale`, `keywords`) VALUES ('128', 'title', '0', 'nl', ' the heretek ');
INSERT INTO `craft_searchindex` (`elementId`, `attribute`, `fieldId`, `locale`, `keywords`) VALUES ('129', 'filename', '0', 'nl', ' 99bugs jpg ');
INSERT INTO `craft_searchindex` (`elementId`, `attribute`, `fieldId`, `locale`, `keywords`) VALUES ('129', 'extension', '0', 'nl', ' jpg ');
INSERT INTO `craft_searchindex` (`elementId`, `attribute`, `fieldId`, `locale`, `keywords`) VALUES ('129', 'kind', '0', 'nl', ' image ');
INSERT INTO `craft_searchindex` (`elementId`, `attribute`, `fieldId`, `locale`, `keywords`) VALUES ('129', 'slug', '0', 'nl', '');
INSERT INTO `craft_searchindex` (`elementId`, `attribute`, `fieldId`, `locale`, `keywords`) VALUES ('129', 'title', '0', 'nl', ' 99bugs ');
INSERT INTO `craft_searchindex` (`elementId`, `attribute`, `fieldId`, `locale`, `keywords`) VALUES ('130', 'field', '5', 'nl', ' evin ');
INSERT INTO `craft_searchindex` (`elementId`, `attribute`, `fieldId`, `locale`, `keywords`) VALUES ('130', 'field', '1', 'nl', '');
INSERT INTO `craft_searchindex` (`elementId`, `attribute`, `fieldId`, `locale`, `keywords`) VALUES ('130', 'slug', '0', 'nl', ' working on the image viewer ');
INSERT INTO `craft_searchindex` (`elementId`, `attribute`, `fieldId`, `locale`, `keywords`) VALUES ('130', 'title', '0', 'nl', ' working on the image viewer ');
INSERT INTO `craft_searchindex` (`elementId`, `attribute`, `fieldId`, `locale`, `keywords`) VALUES ('131', 'filename', '0', 'nl', ' scenario 2 through the fans pdf ');
INSERT INTO `craft_searchindex` (`elementId`, `attribute`, `fieldId`, `locale`, `keywords`) VALUES ('131', 'extension', '0', 'nl', ' pdf ');
INSERT INTO `craft_searchindex` (`elementId`, `attribute`, `fieldId`, `locale`, `keywords`) VALUES ('131', 'kind', '0', 'nl', ' pdf ');
INSERT INTO `craft_searchindex` (`elementId`, `attribute`, `fieldId`, `locale`, `keywords`) VALUES ('131', 'slug', '0', 'nl', '');
INSERT INTO `craft_searchindex` (`elementId`, `attribute`, `fieldId`, `locale`, `keywords`) VALUES ('131', 'title', '0', 'nl', ' scenario 2 through the fans ');
INSERT INTO `craft_searchindex` (`elementId`, `attribute`, `fieldId`, `locale`, `keywords`) VALUES ('132', 'filename', '0', 'nl', ' scenario 3 out of the dark pdf ');
INSERT INTO `craft_searchindex` (`elementId`, `attribute`, `fieldId`, `locale`, `keywords`) VALUES ('132', 'extension', '0', 'nl', ' pdf ');
INSERT INTO `craft_searchindex` (`elementId`, `attribute`, `fieldId`, `locale`, `keywords`) VALUES ('132', 'kind', '0', 'nl', ' pdf ');
INSERT INTO `craft_searchindex` (`elementId`, `attribute`, `fieldId`, `locale`, `keywords`) VALUES ('132', 'slug', '0', 'nl', '');
INSERT INTO `craft_searchindex` (`elementId`, `attribute`, `fieldId`, `locale`, `keywords`) VALUES ('132', 'title', '0', 'nl', ' scenario 3 out of the dark ');
INSERT INTO `craft_searchindex` (`elementId`, `attribute`, `fieldId`, `locale`, `keywords`) VALUES ('134', 'slug', '0', 'nl', '');
INSERT INTO `craft_searchindex` (`elementId`, `attribute`, `fieldId`, `locale`, `keywords`) VALUES ('134', 'title', '0', 'nl', ' scenario 4 the vindicare 1 ');
INSERT INTO `craft_searchindex` (`elementId`, `attribute`, `fieldId`, `locale`, `keywords`) VALUES ('134', 'kind', '0', 'nl', ' pdf ');
INSERT INTO `craft_searchindex` (`elementId`, `attribute`, `fieldId`, `locale`, `keywords`) VALUES ('134', 'extension', '0', 'nl', ' pdf ');
INSERT INTO `craft_searchindex` (`elementId`, `attribute`, `fieldId`, `locale`, `keywords`) VALUES ('135', 'filename', '0', 'nl', ' scenario gang fight pdf ');
INSERT INTO `craft_searchindex` (`elementId`, `attribute`, `fieldId`, `locale`, `keywords`) VALUES ('135', 'extension', '0', 'nl', ' pdf ');
INSERT INTO `craft_searchindex` (`elementId`, `attribute`, `fieldId`, `locale`, `keywords`) VALUES ('135', 'kind', '0', 'nl', ' pdf ');
INSERT INTO `craft_searchindex` (`elementId`, `attribute`, `fieldId`, `locale`, `keywords`) VALUES ('135', 'slug', '0', 'nl', '');
INSERT INTO `craft_searchindex` (`elementId`, `attribute`, `fieldId`, `locale`, `keywords`) VALUES ('135', 'title', '0', 'nl', ' scenario gang fight ');
INSERT INTO `craft_searchindex` (`elementId`, `attribute`, `fieldId`, `locale`, `keywords`) VALUES ('136', 'field', '1', 'nl', ' gangs run the risk of encountering rivals as they explore the ruined underhive landscape not all encounters end in violence sometimes two gangs meet and finding no good reason to fight go their own way other encounters end in bloody fire fights with neither side prepared to give way ultimately every gang must be prepared to defend itself to protect friends and family in the wastes or simply maintain the respect of its trading contracts and rivals this is the original gang fight scenario from the necromunda 2nd edition book ');
INSERT INTO `craft_searchindex` (`elementId`, `attribute`, `fieldId`, `locale`, `keywords`) VALUES ('136', 'field', '3', 'nl', ' scenario gang fight ');
INSERT INTO `craft_searchindex` (`elementId`, `attribute`, `fieldId`, `locale`, `keywords`) VALUES ('136', 'slug', '0', 'nl', ' gang fight ');
INSERT INTO `craft_searchindex` (`elementId`, `attribute`, `fieldId`, `locale`, `keywords`) VALUES ('136', 'title', '0', 'nl', ' gang fight ');
INSERT INTO `craft_searchindex` (`elementId`, `attribute`, `fieldId`, `locale`, `keywords`) VALUES ('137', 'filename', '0', 'nl', ' scenario scavengers pdf ');
INSERT INTO `craft_searchindex` (`elementId`, `attribute`, `fieldId`, `locale`, `keywords`) VALUES ('137', 'extension', '0', 'nl', ' pdf ');
INSERT INTO `craft_searchindex` (`elementId`, `attribute`, `fieldId`, `locale`, `keywords`) VALUES ('137', 'kind', '0', 'nl', ' pdf ');
INSERT INTO `craft_searchindex` (`elementId`, `attribute`, `fieldId`, `locale`, `keywords`) VALUES ('137', 'slug', '0', 'nl', '');
INSERT INTO `craft_searchindex` (`elementId`, `attribute`, `fieldId`, `locale`, `keywords`) VALUES ('137', 'title', '0', 'nl', ' scenario scavengers ');
INSERT INTO `craft_searchindex` (`elementId`, `attribute`, `fieldId`, `locale`, `keywords`) VALUES ('138', 'field', '1', 'nl', ' the deep underhive is a maze of ancient and abandoned ruins concealed entrances and long forgotten domes sometimes these contain priceless archeotech gems precious mutant fungi and other valuable items which can be scavenged from the depths treasure hunting is not without risk though and those isolated places can be home to ferocious mutant creatures this is the original gang fight scenario from the necromunda 2nd edition book ');
INSERT INTO `craft_searchindex` (`elementId`, `attribute`, `fieldId`, `locale`, `keywords`) VALUES ('138', 'field', '3', 'nl', ' scenario scavengers ');
INSERT INTO `craft_searchindex` (`elementId`, `attribute`, `fieldId`, `locale`, `keywords`) VALUES ('138', 'slug', '0', 'nl', ' scavengers ');
INSERT INTO `craft_searchindex` (`elementId`, `attribute`, `fieldId`, `locale`, `keywords`) VALUES ('138', 'title', '0', 'nl', ' scavengers ');
INSERT INTO `craft_searchindex` (`elementId`, `attribute`, `fieldId`, `locale`, `keywords`) VALUES ('139', 'filename', '0', 'nl', ' scenario the safehouse pdf ');
INSERT INTO `craft_searchindex` (`elementId`, `attribute`, `fieldId`, `locale`, `keywords`) VALUES ('139', 'extension', '0', 'nl', ' pdf ');
INSERT INTO `craft_searchindex` (`elementId`, `attribute`, `fieldId`, `locale`, `keywords`) VALUES ('139', 'kind', '0', 'nl', ' pdf ');
INSERT INTO `craft_searchindex` (`elementId`, `attribute`, `fieldId`, `locale`, `keywords`) VALUES ('139', 'slug', '0', 'nl', '');
INSERT INTO `craft_searchindex` (`elementId`, `attribute`, `fieldId`, `locale`, `keywords`) VALUES ('139', 'title', '0', 'nl', ' scenario the safehouse ');
INSERT INTO `craft_searchindex` (`elementId`, `attribute`, `fieldId`, `locale`, `keywords`) VALUES ('140', 'field', '1', 'nl', ' life is dangerous in the 41th millennium and many organisation maintain safe houses for their agents these can be ornate mansions fit for imperial dignitaries or little more than slums hidden away in some dark neighbourhood most safe houses are guarded secrets for what is a safe house which is known to your enemies ');
INSERT INTO `craft_searchindex` (`elementId`, `attribute`, `fieldId`, `locale`, `keywords`) VALUES ('140', 'field', '3', 'nl', ' scenario the safehouse ');
INSERT INTO `craft_searchindex` (`elementId`, `attribute`, `fieldId`, `locale`, `keywords`) VALUES ('140', 'slug', '0', 'nl', ' the safe house ');
INSERT INTO `craft_searchindex` (`elementId`, `attribute`, `fieldId`, `locale`, `keywords`) VALUES ('140', 'title', '0', 'nl', ' the safe house ');



DROP TABLE IF EXISTS `craft_sections`;


--
-- Schema for table `craft_sections`
--
CREATE TABLE `craft_sections` (
  `id` int(11) NOT NULL AUTO_INCREMENT,
  `structureId` int(11) DEFAULT NULL,
  `name` varchar(255) COLLATE utf8_unicode_ci NOT NULL,
  `handle` varchar(255) COLLATE utf8_unicode_ci NOT NULL,
  `type` enum('single','channel','structure') COLLATE utf8_unicode_ci NOT NULL DEFAULT 'channel',
  `hasUrls` tinyint(1) unsigned NOT NULL DEFAULT '1',
  `template` varchar(500) COLLATE utf8_unicode_ci DEFAULT NULL,
  `enableVersioning` tinyint(1) unsigned NOT NULL DEFAULT '0',
  `dateCreated` datetime NOT NULL,
  `dateUpdated` datetime NOT NULL,
  `uid` char(36) COLLATE utf8_unicode_ci NOT NULL DEFAULT '0',
  PRIMARY KEY (`id`),
  UNIQUE KEY `craft_sections_name_unq_idx` (`name`),
  UNIQUE KEY `craft_sections_handle_unq_idx` (`handle`),
  KEY `craft_sections_structureId_fk` (`structureId`)
) ENGINE=InnoDB AUTO_INCREMENT=4 DEFAULT CHARSET=utf8 COLLATE=utf8_unicode_ci;

--
-- Data for table `craft_sections`
--

INSERT INTO `craft_sections` (`id`, `structureId`, `name`, `handle`, `type`, `hasUrls`, `template`, `enableVersioning`, `dateCreated`, `dateUpdated`, `uid`) VALUES ('1', NULL, 'Homepage', 'homepage', 'single', '1', 'index', '1', '2015-09-15 12:10:56', '2015-09-15 12:10:56', '142a12e4-847a-400a-8ddc-7a96cdbda9fc');
INSERT INTO `craft_sections` (`id`, `structureId`, `name`, `handle`, `type`, `hasUrls`, `template`, `enableVersioning`, `dateCreated`, `dateUpdated`, `uid`) VALUES ('2', NULL, 'Blog', 'article', 'channel', '1', 'blog/_entry', '1', '2015-09-15 12:10:56', '2015-09-15 14:58:54', 'd6016c11-64e2-48ee-ab18-c862a9116c29');
INSERT INTO `craft_sections` (`id`, `structureId`, `name`, `handle`, `type`, `hasUrls`, `template`, `enableVersioning`, `dateCreated`, `dateUpdated`, `uid`) VALUES ('3', NULL, 'About', 'about', 'single', '1', 'about', '1', '2015-09-22 13:36:58', '2015-09-22 13:58:39', '5e46ce82-064c-4e54-b287-aaa578784c1a');



DROP TABLE IF EXISTS `craft_sections_i18n`;


--
-- Schema for table `craft_sections_i18n`
--
CREATE TABLE `craft_sections_i18n` (
  `id` int(11) NOT NULL AUTO_INCREMENT,
  `sectionId` int(11) NOT NULL,
  `locale` char(12) COLLATE utf8_unicode_ci NOT NULL,
  `enabledByDefault` tinyint(1) unsigned NOT NULL DEFAULT '1',
  `urlFormat` varchar(255) COLLATE utf8_unicode_ci DEFAULT NULL,
  `nestedUrlFormat` varchar(255) COLLATE utf8_unicode_ci DEFAULT NULL,
  `dateCreated` datetime NOT NULL,
  `dateUpdated` datetime NOT NULL,
  `uid` char(36) COLLATE utf8_unicode_ci NOT NULL DEFAULT '0',
  PRIMARY KEY (`id`),
  UNIQUE KEY `craft_sections_i18n_sectionId_locale_unq_idx` (`sectionId`,`locale`),
  KEY `craft_sections_i18n_locale_fk` (`locale`)
) ENGINE=InnoDB AUTO_INCREMENT=4 DEFAULT CHARSET=utf8 COLLATE=utf8_unicode_ci;

--
-- Data for table `craft_sections_i18n`
--

INSERT INTO `craft_sections_i18n` (`id`, `sectionId`, `locale`, `enabledByDefault`, `urlFormat`, `nestedUrlFormat`, `dateCreated`, `dateUpdated`, `uid`) VALUES ('1', '1', 'nl', '1', '__home__', NULL, '2015-09-15 12:10:56', '2015-09-15 12:10:56', '834cfbe6-fa40-4c64-8f79-8f996199860c');
INSERT INTO `craft_sections_i18n` (`id`, `sectionId`, `locale`, `enabledByDefault`, `urlFormat`, `nestedUrlFormat`, `dateCreated`, `dateUpdated`, `uid`) VALUES ('2', '2', 'nl', '0', 'article/{postDate.year}/{slug}', NULL, '2015-09-15 12:10:56', '2015-09-15 14:54:11', '936fb77d-30f8-4d03-bc39-edb0e5d8b156');
INSERT INTO `craft_sections_i18n` (`id`, `sectionId`, `locale`, `enabledByDefault`, `urlFormat`, `nestedUrlFormat`, `dateCreated`, `dateUpdated`, `uid`) VALUES ('3', '3', 'nl', '0', 'about', NULL, '2015-09-22 13:36:58', '2015-09-22 13:36:58', '990561a7-1892-4f2b-8afd-e7e4fee8c0a2');



DROP TABLE IF EXISTS `craft_sessions`;


--
-- Schema for table `craft_sessions`
--
CREATE TABLE `craft_sessions` (
  `id` int(11) NOT NULL AUTO_INCREMENT,
  `userId` int(11) NOT NULL,
  `token` char(100) COLLATE utf8_unicode_ci NOT NULL,
  `dateCreated` datetime NOT NULL,
  `dateUpdated` datetime NOT NULL,
  `uid` char(36) COLLATE utf8_unicode_ci NOT NULL DEFAULT '0',
  PRIMARY KEY (`id`),
  KEY `craft_sessions_uid_idx` (`uid`),
  KEY `craft_sessions_token_idx` (`token`),
  KEY `craft_sessions_dateUpdated_idx` (`dateUpdated`),
  KEY `craft_sessions_userId_fk` (`userId`)
) ENGINE=InnoDB AUTO_INCREMENT=14 DEFAULT CHARSET=utf8 COLLATE=utf8_unicode_ci;

DROP TABLE IF EXISTS `craft_shunnedmessages`;


--
-- Schema for table `craft_shunnedmessages`
--
CREATE TABLE `craft_shunnedmessages` (
  `id` int(11) NOT NULL AUTO_INCREMENT,
  `userId` int(11) NOT NULL,
  `message` varchar(255) COLLATE utf8_unicode_ci NOT NULL,
  `expiryDate` datetime DEFAULT NULL,
  `dateCreated` datetime NOT NULL,
  `dateUpdated` datetime NOT NULL,
  `uid` char(36) COLLATE utf8_unicode_ci NOT NULL DEFAULT '0',
  PRIMARY KEY (`id`),
  UNIQUE KEY `craft_shunnedmessages_userId_message_unq_idx` (`userId`,`message`)
) ENGINE=InnoDB DEFAULT CHARSET=utf8 COLLATE=utf8_unicode_ci;

DROP TABLE IF EXISTS `craft_structureelements`;


--
-- Schema for table `craft_structureelements`
--
CREATE TABLE `craft_structureelements` (
  `id` int(11) NOT NULL AUTO_INCREMENT,
  `structureId` int(11) NOT NULL,
  `elementId` int(11) DEFAULT NULL,
  `root` int(11) unsigned DEFAULT NULL,
  `lft` int(11) unsigned NOT NULL,
  `rgt` int(11) unsigned NOT NULL,
  `level` smallint(6) unsigned NOT NULL,
  `dateCreated` datetime NOT NULL,
  `dateUpdated` datetime NOT NULL,
  `uid` char(36) COLLATE utf8_unicode_ci NOT NULL DEFAULT '0',
  PRIMARY KEY (`id`),
  UNIQUE KEY `craft_structureelements_structureId_elementId_unq_idx` (`structureId`,`elementId`),
  KEY `craft_structureelements_root_idx` (`root`),
  KEY `craft_structureelements_lft_idx` (`lft`),
  KEY `craft_structureelements_rgt_idx` (`rgt`),
  KEY `craft_structureelements_level_idx` (`level`),
  KEY `craft_structureelements_elementId_fk` (`elementId`)
) ENGINE=InnoDB AUTO_INCREMENT=3 DEFAULT CHARSET=utf8 COLLATE=utf8_unicode_ci;

--
-- Data for table `craft_structureelements`
--

INSERT INTO `craft_structureelements` (`id`, `structureId`, `elementId`, `root`, `lft`, `rgt`, `level`, `dateCreated`, `dateUpdated`, `uid`) VALUES ('1', '1', NULL, '1', '1', '4', '0', '2015-09-18 09:23:39', '2015-09-18 09:23:39', 'c38e0eb3-990b-402a-8a69-b749326c3248');
INSERT INTO `craft_structureelements` (`id`, `structureId`, `elementId`, `root`, `lft`, `rgt`, `level`, `dateCreated`, `dateUpdated`, `uid`) VALUES ('2', '1', '40', '1', '2', '3', '1', '2015-09-18 09:23:39', '2015-09-18 09:23:39', '2deb337f-0930-4485-85f5-676019df1189');



DROP TABLE IF EXISTS `craft_structures`;


--
-- Schema for table `craft_structures`
--
CREATE TABLE `craft_structures` (
  `id` int(11) NOT NULL AUTO_INCREMENT,
  `maxLevels` smallint(6) unsigned DEFAULT NULL,
  `dateCreated` datetime NOT NULL,
  `dateUpdated` datetime NOT NULL,
  `uid` char(36) COLLATE utf8_unicode_ci NOT NULL DEFAULT '0',
  PRIMARY KEY (`id`)
) ENGINE=InnoDB AUTO_INCREMENT=2 DEFAULT CHARSET=utf8 COLLATE=utf8_unicode_ci;

--
-- Data for table `craft_structures`
--

INSERT INTO `craft_structures` (`id`, `maxLevels`, `dateCreated`, `dateUpdated`, `uid`) VALUES ('1', NULL, '2015-09-18 09:14:49', '2015-09-18 09:14:49', 'a342fb8e-99ed-454b-bf2e-98d7a26278c1');



DROP TABLE IF EXISTS `craft_systemsettings`;


--
-- Schema for table `craft_systemsettings`
--
CREATE TABLE `craft_systemsettings` (
  `id` int(11) NOT NULL AUTO_INCREMENT,
  `category` varchar(15) COLLATE utf8_unicode_ci NOT NULL,
  `settings` text COLLATE utf8_unicode_ci,
  `dateCreated` datetime NOT NULL,
  `dateUpdated` datetime NOT NULL,
  `uid` char(36) COLLATE utf8_unicode_ci NOT NULL DEFAULT '0',
  PRIMARY KEY (`id`),
  UNIQUE KEY `craft_systemsettings_category_unq_idx` (`category`)
) ENGINE=InnoDB AUTO_INCREMENT=2 DEFAULT CHARSET=utf8 COLLATE=utf8_unicode_ci;

--
-- Data for table `craft_systemsettings`
--

INSERT INTO `craft_systemsettings` (`id`, `category`, `settings`, `dateCreated`, `dateUpdated`, `uid`) VALUES ('1', 'email', '{\"protocol\":\"php\",\"emailAddress\":\"e.d.wijninga@gmail.com\",\"senderName\":\"Inquisimunda\"}', '2015-09-15 12:10:56', '2015-09-15 12:10:56', '7da12a4c-2e19-4754-84e9-e521fe76954f');



DROP TABLE IF EXISTS `craft_taggroups`;


--
-- Schema for table `craft_taggroups`
--
CREATE TABLE `craft_taggroups` (
  `id` int(11) NOT NULL AUTO_INCREMENT,
  `name` varchar(255) COLLATE utf8_unicode_ci NOT NULL,
  `handle` varchar(255) COLLATE utf8_unicode_ci NOT NULL,
  `fieldLayoutId` int(10) DEFAULT NULL,
  `dateCreated` datetime NOT NULL,
  `dateUpdated` datetime NOT NULL,
  `uid` char(36) COLLATE utf8_unicode_ci NOT NULL DEFAULT '0',
  PRIMARY KEY (`id`),
  UNIQUE KEY `craft_taggroups_name_unq_idx` (`name`),
  UNIQUE KEY `craft_taggroups_handle_unq_idx` (`handle`),
  KEY `craft_taggroups_fieldLayoutId_fk` (`fieldLayoutId`)
) ENGINE=InnoDB AUTO_INCREMENT=2 DEFAULT CHARSET=utf8 COLLATE=utf8_unicode_ci;

--
-- Data for table `craft_taggroups`
--

INSERT INTO `craft_taggroups` (`id`, `name`, `handle`, `fieldLayoutId`, `dateCreated`, `dateUpdated`, `uid`) VALUES ('1', 'Standaard', 'default', '1', '2015-09-15 12:10:56', '2015-09-15 12:10:56', 'f25ee247-cb03-4471-9302-2ba119b110ce');



DROP TABLE IF EXISTS `craft_tags`;


--
-- Schema for table `craft_tags`
--
CREATE TABLE `craft_tags` (
  `id` int(11) NOT NULL,
  `groupId` int(11) NOT NULL,
  `dateCreated` datetime NOT NULL,
  `dateUpdated` datetime NOT NULL,
  `uid` char(36) COLLATE utf8_unicode_ci NOT NULL DEFAULT '0',
  PRIMARY KEY (`id`),
  KEY `craft_tags_groupId_fk` (`groupId`)
) ENGINE=InnoDB DEFAULT CHARSET=utf8 COLLATE=utf8_unicode_ci;

DROP TABLE IF EXISTS `craft_tasks`;


--
-- Schema for table `craft_tasks`
--
CREATE TABLE `craft_tasks` (
  `id` int(11) NOT NULL AUTO_INCREMENT,
  `root` int(11) unsigned DEFAULT NULL,
  `lft` int(11) unsigned NOT NULL,
  `rgt` int(11) unsigned NOT NULL,
  `level` smallint(6) unsigned NOT NULL,
  `currentStep` int(11) unsigned DEFAULT NULL,
  `totalSteps` int(11) unsigned DEFAULT NULL,
  `status` enum('pending','error','running') COLLATE utf8_unicode_ci DEFAULT NULL,
  `type` varchar(150) COLLATE utf8_unicode_ci NOT NULL,
  `description` varchar(255) COLLATE utf8_unicode_ci DEFAULT NULL,
  `settings` text COLLATE utf8_unicode_ci,
  `dateCreated` datetime NOT NULL,
  `dateUpdated` datetime NOT NULL,
  `uid` char(36) COLLATE utf8_unicode_ci NOT NULL DEFAULT '0',
  PRIMARY KEY (`id`),
  KEY `craft_tasks_root_idx` (`root`),
  KEY `craft_tasks_lft_idx` (`lft`),
  KEY `craft_tasks_rgt_idx` (`rgt`),
  KEY `craft_tasks_level_idx` (`level`)
) ENGINE=InnoDB DEFAULT CHARSET=utf8 COLLATE=utf8_unicode_ci;

DROP TABLE IF EXISTS `craft_templatecachecriteria`;


--
-- Schema for table `craft_templatecachecriteria`
--
CREATE TABLE `craft_templatecachecriteria` (
  `id` int(11) NOT NULL AUTO_INCREMENT,
  `cacheId` int(11) NOT NULL,
  `type` varchar(150) COLLATE utf8_unicode_ci NOT NULL,
  `criteria` text COLLATE utf8_unicode_ci NOT NULL,
  PRIMARY KEY (`id`),
  KEY `craft_templatecachecriteria_cacheId_fk` (`cacheId`),
  KEY `craft_templatecachecriteria_type_idx` (`type`)
) ENGINE=InnoDB DEFAULT CHARSET=utf8 COLLATE=utf8_unicode_ci;

DROP TABLE IF EXISTS `craft_templatecacheelements`;


--
-- Schema for table `craft_templatecacheelements`
--
CREATE TABLE `craft_templatecacheelements` (
  `cacheId` int(11) NOT NULL,
  `elementId` int(11) NOT NULL,
  KEY `craft_templatecacheelements_cacheId_fk` (`cacheId`),
  KEY `craft_templatecacheelements_elementId_fk` (`elementId`)
) ENGINE=InnoDB DEFAULT CHARSET=utf8 COLLATE=utf8_unicode_ci;

DROP TABLE IF EXISTS `craft_templatecaches`;


--
-- Schema for table `craft_templatecaches`
--
CREATE TABLE `craft_templatecaches` (
  `id` int(11) NOT NULL AUTO_INCREMENT,
  `cacheKey` varchar(255) COLLATE utf8_unicode_ci NOT NULL,
  `locale` char(12) COLLATE utf8_unicode_ci NOT NULL,
  `path` varchar(255) COLLATE utf8_unicode_ci DEFAULT NULL,
  `expiryDate` datetime NOT NULL,
  `body` mediumtext COLLATE utf8_unicode_ci NOT NULL,
  PRIMARY KEY (`id`),
  KEY `craft_templatecaches_expiryDate_cacheKey_locale_path_idx` (`expiryDate`,`cacheKey`,`locale`,`path`),
  KEY `craft_templatecaches_locale_fk` (`locale`)
) ENGINE=InnoDB DEFAULT CHARSET=utf8 COLLATE=utf8_unicode_ci;

DROP TABLE IF EXISTS `craft_tokens`;


--
-- Schema for table `craft_tokens`
--
CREATE TABLE `craft_tokens` (
  `id` int(11) NOT NULL AUTO_INCREMENT,
  `token` char(32) COLLATE utf8_unicode_ci NOT NULL,
  `route` text COLLATE utf8_unicode_ci,
  `usageLimit` tinyint(3) unsigned DEFAULT NULL,
  `usageCount` tinyint(3) unsigned DEFAULT NULL,
  `expiryDate` datetime NOT NULL,
  `dateCreated` datetime NOT NULL,
  `dateUpdated` datetime NOT NULL,
  `uid` char(36) COLLATE utf8_unicode_ci NOT NULL DEFAULT '0',
  PRIMARY KEY (`id`),
  UNIQUE KEY `craft_tokens_token_unq_idx` (`token`),
  KEY `craft_tokens_expiryDate_idx` (`expiryDate`)
) ENGINE=InnoDB DEFAULT CHARSET=utf8 COLLATE=utf8_unicode_ci;

DROP TABLE IF EXISTS `craft_usergroups`;


--
-- Schema for table `craft_usergroups`
--
CREATE TABLE `craft_usergroups` (
  `id` int(11) NOT NULL AUTO_INCREMENT,
  `name` varchar(255) COLLATE utf8_unicode_ci NOT NULL,
  `handle` varchar(255) COLLATE utf8_unicode_ci NOT NULL,
  `dateCreated` datetime NOT NULL,
  `dateUpdated` datetime NOT NULL,
  `uid` char(36) COLLATE utf8_unicode_ci NOT NULL DEFAULT '0',
  PRIMARY KEY (`id`)
) ENGINE=InnoDB DEFAULT CHARSET=utf8 COLLATE=utf8_unicode_ci;

DROP TABLE IF EXISTS `craft_usergroups_users`;


--
-- Schema for table `craft_usergroups_users`
--
CREATE TABLE `craft_usergroups_users` (
  `id` int(11) NOT NULL AUTO_INCREMENT,
  `groupId` int(11) NOT NULL,
  `userId` int(11) NOT NULL,
  `dateCreated` datetime NOT NULL,
  `dateUpdated` datetime NOT NULL,
  `uid` char(36) COLLATE utf8_unicode_ci NOT NULL DEFAULT '0',
  PRIMARY KEY (`id`),
  UNIQUE KEY `craft_usergroups_users_groupId_userId_unq_idx` (`groupId`,`userId`),
  KEY `craft_usergroups_users_userId_fk` (`userId`)
) ENGINE=InnoDB DEFAULT CHARSET=utf8 COLLATE=utf8_unicode_ci;

DROP TABLE IF EXISTS `craft_userpermissions`;


--
-- Schema for table `craft_userpermissions`
--
CREATE TABLE `craft_userpermissions` (
  `id` int(11) NOT NULL AUTO_INCREMENT,
  `name` varchar(255) COLLATE utf8_unicode_ci NOT NULL,
  `dateCreated` datetime NOT NULL,
  `dateUpdated` datetime NOT NULL,
  `uid` char(36) COLLATE utf8_unicode_ci NOT NULL DEFAULT '0',
  PRIMARY KEY (`id`),
  UNIQUE KEY `craft_userpermissions_name_unq_idx` (`name`)
) ENGINE=InnoDB DEFAULT CHARSET=utf8 COLLATE=utf8_unicode_ci;

DROP TABLE IF EXISTS `craft_userpermissions_usergroups`;


--
-- Schema for table `craft_userpermissions_usergroups`
--
CREATE TABLE `craft_userpermissions_usergroups` (
  `id` int(11) NOT NULL AUTO_INCREMENT,
  `permissionId` int(11) NOT NULL,
  `groupId` int(11) NOT NULL,
  `dateCreated` datetime NOT NULL,
  `dateUpdated` datetime NOT NULL,
  `uid` char(36) COLLATE utf8_unicode_ci NOT NULL DEFAULT '0',
  PRIMARY KEY (`id`),
  UNIQUE KEY `craft_userpermissions_usergroups_permissionId_groupId_unq_idx` (`permissionId`,`groupId`),
  KEY `craft_userpermissions_usergroups_groupId_fk` (`groupId`)
) ENGINE=InnoDB DEFAULT CHARSET=utf8 COLLATE=utf8_unicode_ci;

DROP TABLE IF EXISTS `craft_userpermissions_users`;


--
-- Schema for table `craft_userpermissions_users`
--
CREATE TABLE `craft_userpermissions_users` (
  `id` int(11) NOT NULL AUTO_INCREMENT,
  `permissionId` int(11) NOT NULL,
  `userId` int(11) NOT NULL,
  `dateCreated` datetime NOT NULL,
  `dateUpdated` datetime NOT NULL,
  `uid` char(36) COLLATE utf8_unicode_ci NOT NULL DEFAULT '0',
  PRIMARY KEY (`id`),
  UNIQUE KEY `craft_userpermissions_users_permissionId_userId_unq_idx` (`permissionId`,`userId`),
  KEY `craft_userpermissions_users_userId_fk` (`userId`)
) ENGINE=InnoDB DEFAULT CHARSET=utf8 COLLATE=utf8_unicode_ci;

DROP TABLE IF EXISTS `craft_users`;


--
-- Schema for table `craft_users`
--
CREATE TABLE `craft_users` (
  `id` int(11) NOT NULL,
  `username` varchar(100) COLLATE utf8_unicode_ci NOT NULL,
  `photo` varchar(100) COLLATE utf8_unicode_ci DEFAULT NULL,
  `firstName` varchar(100) COLLATE utf8_unicode_ci DEFAULT NULL,
  `lastName` varchar(100) COLLATE utf8_unicode_ci DEFAULT NULL,
  `email` varchar(255) COLLATE utf8_unicode_ci NOT NULL,
  `password` char(255) COLLATE utf8_unicode_ci DEFAULT NULL,
  `preferredLocale` char(12) COLLATE utf8_unicode_ci DEFAULT NULL,
  `weekStartDay` tinyint(1) unsigned NOT NULL DEFAULT '0',
  `admin` tinyint(1) unsigned NOT NULL DEFAULT '0',
  `client` tinyint(1) unsigned NOT NULL DEFAULT '0',
  `locked` tinyint(1) unsigned NOT NULL DEFAULT '0',
  `suspended` tinyint(1) unsigned NOT NULL DEFAULT '0',
  `pending` tinyint(1) unsigned NOT NULL DEFAULT '0',
  `archived` tinyint(1) unsigned NOT NULL DEFAULT '0',
  `lastLoginDate` datetime DEFAULT NULL,
  `lastLoginAttemptIPAddress` varchar(45) COLLATE utf8_unicode_ci DEFAULT NULL,
  `invalidLoginWindowStart` datetime DEFAULT NULL,
  `invalidLoginCount` tinyint(4) unsigned DEFAULT NULL,
  `lastInvalidLoginDate` datetime DEFAULT NULL,
  `lockoutDate` datetime DEFAULT NULL,
  `verificationCode` char(100) COLLATE utf8_unicode_ci DEFAULT NULL,
  `verificationCodeIssuedDate` datetime DEFAULT NULL,
  `unverifiedEmail` varchar(255) COLLATE utf8_unicode_ci DEFAULT NULL,
  `passwordResetRequired` tinyint(1) unsigned NOT NULL DEFAULT '0',
  `lastPasswordChangeDate` datetime DEFAULT NULL,
  `dateCreated` datetime NOT NULL,
  `dateUpdated` datetime NOT NULL,
  `uid` char(36) COLLATE utf8_unicode_ci NOT NULL DEFAULT '0',
  PRIMARY KEY (`id`),
  UNIQUE KEY `craft_users_username_unq_idx` (`username`),
  UNIQUE KEY `craft_users_email_unq_idx` (`email`),
  KEY `craft_users_verificationCode_idx` (`verificationCode`),
  KEY `craft_users_uid_idx` (`uid`),
  KEY `craft_users_preferredLocale_fk` (`preferredLocale`)
) ENGINE=InnoDB DEFAULT CHARSET=utf8 COLLATE=utf8_unicode_ci;

--
-- Data for table `craft_users`
--

INSERT INTO `craft_users` (`id`, `username`, `photo`, `firstName`, `lastName`, `email`, `password`, `preferredLocale`, `weekStartDay`, `admin`, `client`, `locked`, `suspended`, `pending`, `archived`, `lastLoginDate`, `lastLoginAttemptIPAddress`, `invalidLoginWindowStart`, `invalidLoginCount`, `lastInvalidLoginDate`, `lockoutDate`, `verificationCode`, `verificationCodeIssuedDate`, `unverifiedEmail`, `passwordResetRequired`, `lastPasswordChangeDate`, `dateCreated`, `dateUpdated`, `uid`) VALUES ('1', 'Host', NULL, 'Evin', 'Wijninga', 'e.d.wijninga@gmail.com', '$2y$13$QYzS1pzdk4L20gFM7Bww/e4BOmUxo0Rk2fLmFQUwzYM8/IQzKYWCS', NULL, '1', '1', '0', '0', '0', '0', '0', '2015-12-14 09:22:57', '77.162.211.80', NULL, NULL, '2015-09-20 20:25:13', NULL, NULL, NULL, NULL, '0', '2015-09-18 17:50:58', '2015-09-15 12:10:55', '2015-12-14 09:22:57', 'dafe0900-2004-49bd-9fca-cef3f486bfbc');



DROP TABLE IF EXISTS `craft_venti_events`;


--
-- Schema for table `craft_venti_events`
--
CREATE TABLE `craft_venti_events` (
  `eid` int(11) NOT NULL AUTO_INCREMENT,
  `eventid` int(10) DEFAULT NULL,
  `startDate` datetime DEFAULT NULL,
  `endDate` datetime DEFAULT NULL,
  `allDay` int(10) DEFAULT NULL,
  `repeat` int(10) DEFAULT NULL,
  `rRule` varchar(255) COLLATE utf8_unicode_ci DEFAULT NULL,
  `summary` varchar(255) COLLATE utf8_unicode_ci DEFAULT NULL,
  `isrepeat` int(10) DEFAULT NULL,
  `dateCreated` datetime NOT NULL,
  `dateUpdated` datetime NOT NULL,
  `uid` char(36) COLLATE utf8_unicode_ci NOT NULL DEFAULT '0',
  PRIMARY KEY (`eid`),
  UNIQUE KEY `craft_venti_events_eid_unq_idx` (`eid`),
  KEY `craft_venti_events_eventid_fk` (`eventid`)
) ENGINE=InnoDB DEFAULT CHARSET=utf8 COLLATE=utf8_unicode_ci;

DROP TABLE IF EXISTS `craft_widgets`;


--
-- Schema for table `craft_widgets`
--
CREATE TABLE `craft_widgets` (
  `id` int(11) NOT NULL AUTO_INCREMENT,
  `userId` int(11) NOT NULL,
  `type` varchar(150) COLLATE utf8_unicode_ci NOT NULL,
  `sortOrder` tinyint(4) DEFAULT NULL,
  `settings` text COLLATE utf8_unicode_ci,
  `enabled` tinyint(1) unsigned NOT NULL DEFAULT '1',
  `dateCreated` datetime NOT NULL,
  `dateUpdated` datetime NOT NULL,
  `uid` char(36) COLLATE utf8_unicode_ci NOT NULL DEFAULT '0',
  PRIMARY KEY (`id`),
  KEY `craft_widgets_userId_fk` (`userId`)
) ENGINE=InnoDB AUTO_INCREMENT=5 DEFAULT CHARSET=utf8 COLLATE=utf8_unicode_ci;

--
-- Data for table `craft_widgets`
--

INSERT INTO `craft_widgets` (`id`, `userId`, `type`, `sortOrder`, `settings`, `enabled`, `dateCreated`, `dateUpdated`, `uid`) VALUES ('1', '1', 'RecentEntries', '1', NULL, '1', '2015-09-15 12:10:59', '2015-09-15 12:10:59', '9a09e189-eeba-4a2d-a6b1-cb8a8fd41fd5');
INSERT INTO `craft_widgets` (`id`, `userId`, `type`, `sortOrder`, `settings`, `enabled`, `dateCreated`, `dateUpdated`, `uid`) VALUES ('2', '1', 'GetHelp', '2', NULL, '1', '2015-09-15 12:10:59', '2015-09-15 12:10:59', '6abb2a17-21e1-4a26-a3a9-cad4ce525b7f');
INSERT INTO `craft_widgets` (`id`, `userId`, `type`, `sortOrder`, `settings`, `enabled`, `dateCreated`, `dateUpdated`, `uid`) VALUES ('3', '1', 'Updates', '3', NULL, '1', '2015-09-15 12:10:59', '2015-09-15 12:10:59', '0a75656d-7e8e-4ef8-b47e-432f268e86fd');
INSERT INTO `craft_widgets` (`id`, `userId`, `type`, `sortOrder`, `settings`, `enabled`, `dateCreated`, `dateUpdated`, `uid`) VALUES ('4', '1', 'Feed', '4', '{\"url\":\"http:\\/\\/feeds.feedburner.com\\/blogandtonic\",\"title\":\"Blog & Tonic\"}', '1', '2015-09-15 12:10:59', '2015-09-15 12:10:59', '331fa5ca-5135-48f1-a74a-912f4e520f17');


--
-- Constraints for tables
--


--
-- Constraints for table `craft_assetfiles`
--
ALTER TABLE `craft_assetfiles`
	ADD CONSTRAINT `craft_assetfiles_folderId_fk` FOREIGN KEY (`folderId`) REFERENCES `craft_assetfolders` (`id`) ON DELETE CASCADE,
	ADD CONSTRAINT `craft_assetfiles_id_fk` FOREIGN KEY (`id`) REFERENCES `craft_elements` (`id`) ON DELETE CASCADE,
	ADD CONSTRAINT `craft_assetfiles_sourceId_fk` FOREIGN KEY (`sourceId`) REFERENCES `craft_assetsources` (`id`) ON DELETE CASCADE;

--
-- Constraints for table `craft_assetfolders`
--
ALTER TABLE `craft_assetfolders`
	ADD CONSTRAINT `craft_assetfolders_parentId_fk` FOREIGN KEY (`parentId`) REFERENCES `craft_assetfolders` (`id`) ON DELETE CASCADE,
	ADD CONSTRAINT `craft_assetfolders_sourceId_fk` FOREIGN KEY (`sourceId`) REFERENCES `craft_assetsources` (`id`) ON DELETE CASCADE;

--
-- Constraints for table `craft_assetindexdata`
--
ALTER TABLE `craft_assetindexdata`
	ADD CONSTRAINT `craft_assetindexdata_sourceId_fk` FOREIGN KEY (`sourceId`) REFERENCES `craft_assetsources` (`id`) ON DELETE CASCADE;

--
-- Constraints for table `craft_assetsources`
--
ALTER TABLE `craft_assetsources`
	ADD CONSTRAINT `craft_assetsources_fieldLayoutId_fk` FOREIGN KEY (`fieldLayoutId`) REFERENCES `craft_fieldlayouts` (`id`) ON DELETE SET NULL;

--
-- Constraints for table `craft_categories`
--
ALTER TABLE `craft_categories`
	ADD CONSTRAINT `craft_categories_groupId_fk` FOREIGN KEY (`groupId`) REFERENCES `craft_categorygroups` (`id`) ON DELETE CASCADE,
	ADD CONSTRAINT `craft_categories_id_fk` FOREIGN KEY (`id`) REFERENCES `craft_elements` (`id`) ON DELETE CASCADE;

--
-- Constraints for table `craft_categorygroups`
--
ALTER TABLE `craft_categorygroups`
	ADD CONSTRAINT `craft_categorygroups_fieldLayoutId_fk` FOREIGN KEY (`fieldLayoutId`) REFERENCES `craft_fieldlayouts` (`id`) ON DELETE SET NULL,
	ADD CONSTRAINT `craft_categorygroups_structureId_fk` FOREIGN KEY (`structureId`) REFERENCES `craft_structures` (`id`) ON DELETE CASCADE;

--
-- Constraints for table `craft_categorygroups_i18n`
--
ALTER TABLE `craft_categorygroups_i18n`
	ADD CONSTRAINT `craft_categorygroups_i18n_groupId_fk` FOREIGN KEY (`groupId`) REFERENCES `craft_categorygroups` (`id`) ON DELETE CASCADE,
	ADD CONSTRAINT `craft_categorygroups_i18n_locale_fk` FOREIGN KEY (`locale`) REFERENCES `craft_locales` (`locale`) ON DELETE CASCADE ON UPDATE CASCADE;

--
-- Constraints for table `craft_comments`
--
ALTER TABLE `craft_comments`
	ADD CONSTRAINT `craft_comments_elementId_fk` FOREIGN KEY (`elementId`) REFERENCES `craft_elements` (`id`) ON DELETE CASCADE,
	ADD CONSTRAINT `craft_comments_userId_fk` FOREIGN KEY (`userId`) REFERENCES `craft_users` (`id`) ON DELETE CASCADE;

--
-- Constraints for table `craft_comments_flags`
--
ALTER TABLE `craft_comments_flags`
	ADD CONSTRAINT `craft_comments_flags_commentId_fk` FOREIGN KEY (`commentId`) REFERENCES `craft_comments` (`id`) ON DELETE CASCADE,
	ADD CONSTRAINT `craft_comments_flags_userId_fk` FOREIGN KEY (`userId`) REFERENCES `craft_users` (`id`) ON DELETE CASCADE;

--
-- Constraints for table `craft_comments_votes`
--
ALTER TABLE `craft_comments_votes`
	ADD CONSTRAINT `craft_comments_votes_commentId_fk` FOREIGN KEY (`commentId`) REFERENCES `craft_comments` (`id`) ON DELETE CASCADE,
	ADD CONSTRAINT `craft_comments_votes_userId_fk` FOREIGN KEY (`userId`) REFERENCES `craft_users` (`id`) ON DELETE CASCADE;

--
-- Constraints for table `craft_content`
--
ALTER TABLE `craft_content`
	ADD CONSTRAINT `craft_content_elementId_fk` FOREIGN KEY (`elementId`) REFERENCES `craft_elements` (`id`) ON DELETE CASCADE,
	ADD CONSTRAINT `craft_content_locale_fk` FOREIGN KEY (`locale`) REFERENCES `craft_locales` (`locale`) ON DELETE CASCADE ON UPDATE CASCADE;

--
-- Constraints for table `craft_elements_i18n`
--
ALTER TABLE `craft_elements_i18n`
	ADD CONSTRAINT `craft_elements_i18n_elementId_fk` FOREIGN KEY (`elementId`) REFERENCES `craft_elements` (`id`) ON DELETE CASCADE,
	ADD CONSTRAINT `craft_elements_i18n_locale_fk` FOREIGN KEY (`locale`) REFERENCES `craft_locales` (`locale`) ON DELETE CASCADE ON UPDATE CASCADE;

--
-- Constraints for table `craft_emailmessages`
--
ALTER TABLE `craft_emailmessages`
	ADD CONSTRAINT `craft_emailmessages_locale_fk` FOREIGN KEY (`locale`) REFERENCES `craft_locales` (`locale`) ON DELETE CASCADE ON UPDATE CASCADE;

--
-- Constraints for table `craft_entries`
--
ALTER TABLE `craft_entries`
	ADD CONSTRAINT `craft_entries_authorId_fk` FOREIGN KEY (`authorId`) REFERENCES `craft_users` (`id`) ON DELETE CASCADE,
	ADD CONSTRAINT `craft_entries_id_fk` FOREIGN KEY (`id`) REFERENCES `craft_elements` (`id`) ON DELETE CASCADE,
	ADD CONSTRAINT `craft_entries_sectionId_fk` FOREIGN KEY (`sectionId`) REFERENCES `craft_sections` (`id`) ON DELETE CASCADE,
	ADD CONSTRAINT `craft_entries_typeId_fk` FOREIGN KEY (`typeId`) REFERENCES `craft_entrytypes` (`id`) ON DELETE CASCADE;

--
-- Constraints for table `craft_entrydrafts`
--
ALTER TABLE `craft_entrydrafts`
	ADD CONSTRAINT `craft_entrydrafts_creatorId_fk` FOREIGN KEY (`creatorId`) REFERENCES `craft_users` (`id`) ON DELETE CASCADE,
	ADD CONSTRAINT `craft_entrydrafts_entryId_fk` FOREIGN KEY (`entryId`) REFERENCES `craft_entries` (`id`) ON DELETE CASCADE,
	ADD CONSTRAINT `craft_entrydrafts_locale_fk` FOREIGN KEY (`locale`) REFERENCES `craft_locales` (`locale`) ON DELETE CASCADE ON UPDATE CASCADE,
	ADD CONSTRAINT `craft_entrydrafts_sectionId_fk` FOREIGN KEY (`sectionId`) REFERENCES `craft_sections` (`id`) ON DELETE CASCADE;

--
-- Constraints for table `craft_entrytypes`
--
ALTER TABLE `craft_entrytypes`
	ADD CONSTRAINT `craft_entrytypes_fieldLayoutId_fk` FOREIGN KEY (`fieldLayoutId`) REFERENCES `craft_fieldlayouts` (`id`) ON DELETE SET NULL,
	ADD CONSTRAINT `craft_entrytypes_sectionId_fk` FOREIGN KEY (`sectionId`) REFERENCES `craft_sections` (`id`) ON DELETE CASCADE;

--
-- Constraints for table `craft_entryversions`
--
ALTER TABLE `craft_entryversions`
	ADD CONSTRAINT `craft_entryversions_creatorId_fk` FOREIGN KEY (`creatorId`) REFERENCES `craft_users` (`id`) ON DELETE SET NULL,
	ADD CONSTRAINT `craft_entryversions_entryId_fk` FOREIGN KEY (`entryId`) REFERENCES `craft_entries` (`id`) ON DELETE CASCADE,
	ADD CONSTRAINT `craft_entryversions_locale_fk` FOREIGN KEY (`locale`) REFERENCES `craft_locales` (`locale`) ON DELETE CASCADE ON UPDATE CASCADE,
	ADD CONSTRAINT `craft_entryversions_sectionId_fk` FOREIGN KEY (`sectionId`) REFERENCES `craft_sections` (`id`) ON DELETE CASCADE;

--
-- Constraints for table `craft_fieldlayoutfields`
--
ALTER TABLE `craft_fieldlayoutfields`
	ADD CONSTRAINT `craft_fieldlayoutfields_fieldId_fk` FOREIGN KEY (`fieldId`) REFERENCES `craft_fields` (`id`) ON DELETE CASCADE,
	ADD CONSTRAINT `craft_fieldlayoutfields_layoutId_fk` FOREIGN KEY (`layoutId`) REFERENCES `craft_fieldlayouts` (`id`) ON DELETE CASCADE,
	ADD CONSTRAINT `craft_fieldlayoutfields_tabId_fk` FOREIGN KEY (`tabId`) REFERENCES `craft_fieldlayouttabs` (`id`) ON DELETE CASCADE;

--
-- Constraints for table `craft_fieldlayouttabs`
--
ALTER TABLE `craft_fieldlayouttabs`
	ADD CONSTRAINT `craft_fieldlayouttabs_layoutId_fk` FOREIGN KEY (`layoutId`) REFERENCES `craft_fieldlayouts` (`id`) ON DELETE CASCADE;

--
-- Constraints for table `craft_fields`
--
ALTER TABLE `craft_fields`
	ADD CONSTRAINT `craft_fields_groupId_fk` FOREIGN KEY (`groupId`) REFERENCES `craft_fieldgroups` (`id`) ON DELETE CASCADE;

--
-- Constraints for table `craft_globalsets`
--
ALTER TABLE `craft_globalsets`
	ADD CONSTRAINT `craft_globalsets_fieldLayoutId_fk` FOREIGN KEY (`fieldLayoutId`) REFERENCES `craft_fieldlayouts` (`id`) ON DELETE SET NULL,
	ADD CONSTRAINT `craft_globalsets_id_fk` FOREIGN KEY (`id`) REFERENCES `craft_elements` (`id`) ON DELETE CASCADE;

--
-- Constraints for table `craft_matrixblocks`
--
ALTER TABLE `craft_matrixblocks`
	ADD CONSTRAINT `craft_matrixblocks_fieldId_fk` FOREIGN KEY (`fieldId`) REFERENCES `craft_fields` (`id`) ON DELETE CASCADE,
	ADD CONSTRAINT `craft_matrixblocks_id_fk` FOREIGN KEY (`id`) REFERENCES `craft_elements` (`id`) ON DELETE CASCADE,
	ADD CONSTRAINT `craft_matrixblocks_ownerId_fk` FOREIGN KEY (`ownerId`) REFERENCES `craft_elements` (`id`) ON DELETE CASCADE,
	ADD CONSTRAINT `craft_matrixblocks_ownerLocale_fk` FOREIGN KEY (`ownerLocale`) REFERENCES `craft_locales` (`locale`) ON DELETE CASCADE ON UPDATE CASCADE,
	ADD CONSTRAINT `craft_matrixblocks_typeId_fk` FOREIGN KEY (`typeId`) REFERENCES `craft_matrixblocktypes` (`id`) ON DELETE CASCADE;

--
-- Constraints for table `craft_matrixblocktypes`
--
ALTER TABLE `craft_matrixblocktypes`
	ADD CONSTRAINT `craft_matrixblocktypes_fieldId_fk` FOREIGN KEY (`fieldId`) REFERENCES `craft_fields` (`id`) ON DELETE CASCADE,
	ADD CONSTRAINT `craft_matrixblocktypes_fieldLayoutId_fk` FOREIGN KEY (`fieldLayoutId`) REFERENCES `craft_fieldlayouts` (`id`) ON DELETE SET NULL;

--
-- Constraints for table `craft_migrations`
--
ALTER TABLE `craft_migrations`
	ADD CONSTRAINT `craft_migrations_pluginId_fk` FOREIGN KEY (`pluginId`) REFERENCES `craft_plugins` (`id`) ON DELETE CASCADE;

--
-- Constraints for table `craft_relations`
--
ALTER TABLE `craft_relations`
	ADD CONSTRAINT `craft_relations_fieldId_fk` FOREIGN KEY (`fieldId`) REFERENCES `craft_fields` (`id`) ON DELETE CASCADE,
	ADD CONSTRAINT `craft_relations_sourceId_fk` FOREIGN KEY (`sourceId`) REFERENCES `craft_elements` (`id`) ON DELETE CASCADE,
	ADD CONSTRAINT `craft_relations_sourceLocale_fk` FOREIGN KEY (`sourceLocale`) REFERENCES `craft_locales` (`locale`) ON DELETE CASCADE ON UPDATE CASCADE,
	ADD CONSTRAINT `craft_relations_targetId_fk` FOREIGN KEY (`targetId`) REFERENCES `craft_elements` (`id`) ON DELETE CASCADE;

--
-- Constraints for table `craft_routes`
--
ALTER TABLE `craft_routes`
	ADD CONSTRAINT `craft_routes_locale_fk` FOREIGN KEY (`locale`) REFERENCES `craft_locales` (`locale`) ON DELETE CASCADE ON UPDATE CASCADE;

--
-- Constraints for table `craft_sections`
--
ALTER TABLE `craft_sections`
	ADD CONSTRAINT `craft_sections_structureId_fk` FOREIGN KEY (`structureId`) REFERENCES `craft_structures` (`id`) ON DELETE SET NULL;

--
-- Constraints for table `craft_sections_i18n`
--
ALTER TABLE `craft_sections_i18n`
	ADD CONSTRAINT `craft_sections_i18n_locale_fk` FOREIGN KEY (`locale`) REFERENCES `craft_locales` (`locale`) ON DELETE CASCADE ON UPDATE CASCADE,
	ADD CONSTRAINT `craft_sections_i18n_sectionId_fk` FOREIGN KEY (`sectionId`) REFERENCES `craft_sections` (`id`) ON DELETE CASCADE;

--
-- Constraints for table `craft_sessions`
--
ALTER TABLE `craft_sessions`
	ADD CONSTRAINT `craft_sessions_userId_fk` FOREIGN KEY (`userId`) REFERENCES `craft_users` (`id`) ON DELETE CASCADE;

--
-- Constraints for table `craft_shunnedmessages`
--
ALTER TABLE `craft_shunnedmessages`
	ADD CONSTRAINT `craft_shunnedmessages_userId_fk` FOREIGN KEY (`userId`) REFERENCES `craft_users` (`id`) ON DELETE CASCADE;

--
-- Constraints for table `craft_structureelements`
--
ALTER TABLE `craft_structureelements`
	ADD CONSTRAINT `craft_structureelements_elementId_fk` FOREIGN KEY (`elementId`) REFERENCES `craft_elements` (`id`) ON DELETE CASCADE,
	ADD CONSTRAINT `craft_structureelements_structureId_fk` FOREIGN KEY (`structureId`) REFERENCES `craft_structures` (`id`) ON DELETE CASCADE;

--
-- Constraints for table `craft_taggroups`
--
ALTER TABLE `craft_taggroups`
	ADD CONSTRAINT `craft_taggroups_fieldLayoutId_fk` FOREIGN KEY (`fieldLayoutId`) REFERENCES `craft_fieldlayouts` (`id`) ON DELETE SET NULL;

--
-- Constraints for table `craft_tags`
--
ALTER TABLE `craft_tags`
	ADD CONSTRAINT `craft_tags_groupId_fk` FOREIGN KEY (`groupId`) REFERENCES `craft_taggroups` (`id`) ON DELETE CASCADE,
	ADD CONSTRAINT `craft_tags_id_fk` FOREIGN KEY (`id`) REFERENCES `craft_elements` (`id`) ON DELETE CASCADE;

--
-- Constraints for table `craft_templatecachecriteria`
--
ALTER TABLE `craft_templatecachecriteria`
	ADD CONSTRAINT `craft_templatecachecriteria_cacheId_fk` FOREIGN KEY (`cacheId`) REFERENCES `craft_templatecaches` (`id`) ON DELETE CASCADE;

--
-- Constraints for table `craft_templatecacheelements`
--
ALTER TABLE `craft_templatecacheelements`
	ADD CONSTRAINT `craft_templatecacheelements_cacheId_fk` FOREIGN KEY (`cacheId`) REFERENCES `craft_templatecaches` (`id`) ON DELETE CASCADE,
	ADD CONSTRAINT `craft_templatecacheelements_elementId_fk` FOREIGN KEY (`elementId`) REFERENCES `craft_elements` (`id`) ON DELETE CASCADE;

--
-- Constraints for table `craft_templatecaches`
--
ALTER TABLE `craft_templatecaches`
	ADD CONSTRAINT `craft_templatecaches_locale_fk` FOREIGN KEY (`locale`) REFERENCES `craft_locales` (`locale`) ON DELETE CASCADE ON UPDATE CASCADE;

--
-- Constraints for table `craft_usergroups_users`
--
ALTER TABLE `craft_usergroups_users`
	ADD CONSTRAINT `craft_usergroups_users_groupId_fk` FOREIGN KEY (`groupId`) REFERENCES `craft_usergroups` (`id`) ON DELETE CASCADE,
	ADD CONSTRAINT `craft_usergroups_users_userId_fk` FOREIGN KEY (`userId`) REFERENCES `craft_users` (`id`) ON DELETE CASCADE;

--
-- Constraints for table `craft_userpermissions_usergroups`
--
ALTER TABLE `craft_userpermissions_usergroups`
	ADD CONSTRAINT `craft_userpermissions_usergroups_groupId_fk` FOREIGN KEY (`groupId`) REFERENCES `craft_usergroups` (`id`) ON DELETE CASCADE,
	ADD CONSTRAINT `craft_userpermissions_usergroups_permissionId_fk` FOREIGN KEY (`permissionId`) REFERENCES `craft_userpermissions` (`id`) ON DELETE CASCADE;

--
-- Constraints for table `craft_userpermissions_users`
--
ALTER TABLE `craft_userpermissions_users`
	ADD CONSTRAINT `craft_userpermissions_users_permissionId_fk` FOREIGN KEY (`permissionId`) REFERENCES `craft_userpermissions` (`id`) ON DELETE CASCADE,
	ADD CONSTRAINT `craft_userpermissions_users_userId_fk` FOREIGN KEY (`userId`) REFERENCES `craft_users` (`id`) ON DELETE CASCADE;

--
-- Constraints for table `craft_users`
--
ALTER TABLE `craft_users`
	ADD CONSTRAINT `craft_users_id_fk` FOREIGN KEY (`id`) REFERENCES `craft_elements` (`id`) ON DELETE CASCADE,
	ADD CONSTRAINT `craft_users_preferredLocale_fk` FOREIGN KEY (`preferredLocale`) REFERENCES `craft_locales` (`locale`) ON DELETE SET NULL ON UPDATE CASCADE;

--
-- Constraints for table `craft_venti_events`
--
ALTER TABLE `craft_venti_events`
	ADD CONSTRAINT `craft_venti_events_eventid_fk` FOREIGN KEY (`eventid`) REFERENCES `craft_elements` (`id`) ON DELETE CASCADE;

--
-- Constraints for table `craft_widgets`
--
ALTER TABLE `craft_widgets`
	ADD CONSTRAINT `craft_widgets_userId_fk` FOREIGN KEY (`userId`) REFERENCES `craft_users` (`id`) ON DELETE CASCADE;

SET FOREIGN_KEY_CHECKS = 1;
